Workbook
Name \0: #REF!
Name \0: 'Inlet Spacing_10-yr'!$D$46
Name \0: 'Inlet Spacing_2-yr'!$D$46
Name \0: 'MD 410 Inlet Drainage Calcs'!$C$38
Name \0: #REF!
Name \c: #REF!
Name \c: 'Inlet Spacing_10-yr'!$H$53
Name \c: 'Inlet Spacing_2-yr'!$H$53
Name \c: 'MD 410 Inlet Drainage Calcs'!$G$45
Name \c: #REF!
Name \e: #REF!
Name \e: 'Inlet Spacing_10-yr'!$H$48
Name \e: 'Inlet Spacing_2-yr'!$H$48
Name \e: 'MD 410 Inlet Drainage Calcs'!$G$40
Name \e: #REF!
Name \p: #REF!
Name \p: 'Inlet Spacing_10-yr'!$H$67
Name \p: 'Inlet Spacing_2-yr'!$H$67
Name \p: 'MD 410 Inlet Drainage Calcs'!$G$59
Name \p: #REF!
Name \r: #REF!
Name \r: 'Inlet Spacing_10-yr'!$C$56
Name \r: 'Inlet Spacing_2-yr'!$C$56
Name \r: 'MD 410 Inlet Drainage Calcs'!$B$48
Name \r: #REF!
Name _DUR1: '[1]Q peak i1-4'!$C$10
Name _DUR1: '[2]Q peak i1-4'!$C$10
Name _DUR10: '[1]Q peak i9-12'!$C$17
Name _DUR10: '[2]Q peak i9-12'!$C$17
Name _DUR11: '[1]Q peak i9-12'!$C$24
Name _DUR11: '[2]Q peak i9-12'!$C$24
Name _DUR12: '[1]Q peak i9-12'!$C$31
Name _DUR13: '[1]Q peak i13-16'!$C$10
Name _DUR13: '[2]Q peak i13-16'!$C$10
Name _DUR14: '[1]Q peak i13-16'!$C$17
Name _DUR14: '[2]Q peak i13-16'!$C$17
Name _DUR15: '[1]Q peak i13-16'!$C$24
Name _DUR15: '[2]Q peak i13-16'!$C$24
Name _DUR16: '[1]Q peak i13-16'!$C$31
Name _DUR16: '[2]Q peak i13-16'!$C$31
Name _DUR17: #REF!
Name _DUR17: #REF!
Name _DUR18: #REF!
Name _DUR18: #REF!
Name _DUR2: '[1]Q peak i1-4'!$C$17
Name _DUR2: '[2]Q peak i1-4'!$C$17
Name _DUR3: '[1]Q peak i1-4'!$C$24
Name _DUR3: '[2]Q peak i1-4'!$C$24
Name _DUR4: '[1]Q peak i1-4'!$C$31
Name _DUR4: '[2]Q peak i1-4'!$C$31
Name _DUR5: '[1]Q peak i5-8'!$C$10
Name _DUR5: '[2]Q peak i5-8'!$C$10
Name _DUR6: '[1]Q peak i5-8'!$C$17
Name _DUR6: '[2]Q peak i5-8'!$C$17
Name _DUR7: '[1]Q peak i5-8'!$C$24
Name _DUR7: '[2]Q peak i5-8'!$C$24
Name _DUR8: '[1]Q peak i5-8'!$C$31
Name _DUR8: '[2]Q peak i5-8'!$C$31
Name _DUR9: '[1]Q peak i9-12'!$C$10
Name _DUR9: '[2]Q peak i9-12'!$C$10

Sheet MD 410 Inlet Drainage Calcs
G1: COG AND COS INLET SPACING SPREADSHEET
A4: PROJECT: | C4: Second Avenue | J4: GUTTER DEPRESSION = | M4: 0.125 | N4: FEET | V4: REQUIRED LENGTH FOR
L5: N = | M5: 0.015 | V5: TOTAL INTERCEPTION
A6: CONTRACT NO. : | G6: STORM FREQUENCY: 2 - YEAR | K6: GUTTER WIDTH = | M6: 1 | N6: FEET
V7: if L>=15 | X7: if a=0
A8: INLET | B8: INLET | C8: AREA | F8: BYPASS | G8: TOTAL | H8: T.O.C. | I8: I | J8: Q | K8: XSLOPE | L8: GRADE | M8: SPREAD | N8: PICKUP | O8: BYPASS | P8: BYPASS | S8: relative | T8: flow ratio | U8: equivalent | V8: k=0.54,else | X8: k=0.60,else | Y8: intercept
A9: NUMBER | B9: LENGTH | C9: (acres) | D9: C | E9: CA | F9: CA | G9: CA | H9: (MIN) | I9: (IN/HR) | J9: (CFS) | K9: (FT/FT) | L9: (FT/FT) | M9: (FT) | N9: % | O9: CA | P9: TO | S9: X-slope | U9: X-slope | V9: k=0.58 | W9: k=0.58 | X9: see V | Y9: efficiency
A11: I-03A | B11: 5 | C11: 0.06 | D11: 0.86 | E11: =IF(AND(C11=0,D11=0)," ",+C11*D11) -> 0.0516 | F11: =IF(AND(C11=0,D11=0)," ",+AC32) -> 0 | G11: =IF(AND(C11=0,D11=0)," ",+E11+F11) -> 0.0516 | H11: 5 | I11: 7.07 | J11: =IF(AND(C11=0,D11=0)," ",+G11*I11) -> 0.364812 | K11: 0.02 | L11: 0.012 | M11: =IF(AND(C11=0,D11=0)," ",+K34) -> 4.6717466 | N11: =IF(AND(C11=0,D11=0)," ",O34) -> 94.388275 | O11: =IF(AND(C11=0,D11=0)," ",+G11*(1-(N11/100))) -> 0.0028956503 | R11: =K11+0.25*(1-(1-$M$6/M11)^2.67) -> 0.13858636 | S11: =($M$4+K11*$M$6)/$M$6 -> 0.145 | T11: =($M$4/($M$4+$M$6*K11))*(0.56/$M$5*S11^1.667*L11^0.5*$M$6^2.667)/J11 -> 0.38651001 | U11: =K11+($M$4/$M$6)*T11 -> 0.068313751 | V11: =IF(B11>=15,0.54*J11^0.42*L11^0.3*(1/($M$5*U11))^0.6,W11) -> 6.2645771 | W11: =0.58*J11^0.42*L11^0.3*(1/($M$5*U11))^0.6 -> 6.2645771 | X11: =IF($M$4=0,0.6*J11^0.42*L11^0.3*(1/($M$5*U11))^0.6,V11) -> 6.2645771 | Y11: =IF(B11>X11,1,1-(1-B11/X11)^1.8) -> 0.94388275 | AB11: =IF(EXACT($A$11,$P11),$O11,0) -> #VALUE! | AC11: =IF(ISERR(AB11),0,AB11) -> 0 | AD11: =IF(EXACT($A$12,$P11),$O11,0) -> #VALUE! | AE11: =IF(ISERR(AD11),0,AD11) -> 0 | AF11: =IF(EXACT($A$13,$P11),$O11,0) -> #VALUE! | AG11: =IF(ISERR(AF11),0,AF11) -> 0 | AH11: =IF(EXACT($A$14,$P11),$O11,0) -> #VALUE! | AI11: =IF(ISERR(AH11),0,AH11) -> 0 | AJ11: =IF(EXACT($A$15,$P11),$O11,0) -> #VALUE! | AK11: =IF(ISERR(AJ11),0,AJ11) -> 0 | AL11: =IF(EXACT($A$16,$P11),$O11,0) -> #VALUE! | AM11: =IF(ISERR(AL11),0,AL11) -> 0 | AN11: =IF(EXACT($A$17,$P11),$O11,0) -> #VALUE! | AO11: =IF(ISERR(AN11),0,AN11) -> 0 | AP11: =IF(EXACT($A$18,$P11),$O11,0) -> #VALUE! | AQ11: =IF(ISERR(AP11),0,AP11) -> 0 | AR11: =IF(EXACT($A$19,$P11),$O11,0) -> #VALUE! | AS11: =IF(ISERR(AR11),0,AR11) -> 0 | AT11: =IF(EXACT($A$20,$P11),$O11,0) -> #VALUE! | AU11: =IF(ISERR(AT11),0,AT11) -> 0 | AV11: =IF(EXACT($A$21,$P11),$O11,0) -> #VALUE! | AW11: =IF(ISERR(AV11),0,AV11) -> 0 | AX11: =IF(EXACT($A$22,$P11),$O11,0) -> #VALUE! | AY11: =IF(ISERR(AX11),0,AX11) -> 0 | AZ11: =IF(EXACT($A$23,$P11),$O11,0) -> #VALUE! | BA11: =IF(ISERR(AZ11),0,AZ11) -> 0 | BB11: =IF(EXACT($A$24,$P11),$O11,0) -> #VALUE! | BC11: =IF(ISERR(BB11),0,BB11) -> 0 | BD11: =IF(EXACT($A$25,$P11),$O11,0) -> #VALUE! | BE11: =IF(ISERR(BD11),0,BD11) -> 0 | BF11: =IF(EXACT($A$26,$P11),$O11,0) -> #VALUE! | BG11: =IF(ISERR(BF11),0,BF11) -> 0 | BH11: =IF(EXACT($A$27,$P11),$O11,0) -> #VALUE! | BI11: =IF(ISERR(BH11),0,BH11) -> 0 | BJ11: =IF(EXACT($A$28,$P11),$O11,0) -> #VALUE! | BK11: =IF(ISERR(BJ11),0,BJ11) -> 0 | BL11: =IF(EXACT($A$29,$P11),$O11,0) -> #VALUE! | BM11: =IF(ISERR(BL11),0,BL11) -> 0 | BN11: =IF(EXACT($A$30,$P11),$O11,0) -> #VALUE! | BO11: =IF(ISERR(BN11),0,BN11) -> 0
R12: =K12+0.25*(1-(1-$M$6/M12)^2.67) -> #DIV/0! | S12: =($M$4+K12*$M$6)/$M$6 -> 0.125 | T12: =($M$4/($M$4+$M$6*K12))*(0.56/$M$5*S12^1.667*L12^0.5*$M$6^2.667)/J12 -> #DIV/0! | U12: =K12+($M$4/$M$6)*T12 -> #DIV/0! | V12: =IF(B12>=15,0.54*J12^0.42*L12^0.3*(1/($M$5*U12))^0.6,W12) -> #DIV/0! | W12: =0.58*J12^0.42*L12^0.3*(1/($M$5*U12))^0.6 -> #DIV/0! | X12: =IF($M$4=0,0.6*J12^0.42*L12^0.3*(1/($M$5*U12))^0.6,V12) -> #DIV/0! | Y12: =IF(B12>X12,1,1-(1-B12/X12)^1.8) -> #DIV/0! | AB12: =IF(EXACT($A$11,$P12),$O12,0) -> #VALUE! | AC12: =IF(ISERR(AB12),0,AB12) -> 0 | AD12: =IF(EXACT($A$12,$P12),$O12,0) -> #VALUE! | AE12: =IF(ISERR(AD12),0,AD12) -> 0 | AF12: =IF(EXACT($A$13,$P12),$O12,0) -> #VALUE! | AG12: =IF(ISERR(AF12),0,AF12) -> 0 | AH12: =IF(EXACT($A$14,$P12),$O12,0) -> #VALUE! | AI12: =IF(ISERR(AH12),0,AH12) -> 0 | AJ12: =IF(EXACT($A$15,$P12),$O12,0) -> #VALUE! | AK12: =IF(ISERR(AJ12),0,AJ12) -> 0 | AL12: =IF(EXACT($A$16,$P12),$O12,0) -> #VALUE! | AM12: =IF(ISERR(AL12),0,AL12) -> 0 | AN12: =IF(EXACT($A$17,$P12),$O12,0) -> #VALUE! | AO12: =IF(ISERR(AN12),0,AN12) -> 0 | AP12: =IF(EXACT($A$18,$P12),$O12,0) -> #VALUE! | AQ12: =IF(ISERR(AP12),0,AP12) -> 0 | AR12: =IF(EXACT($A$19,$P12),$O12,0) -> #VALUE! | AS12: =IF(ISERR(AR12),0,AR12) -> 0 | AT12: =IF(EXACT($A$20,$P12),$O12,0) -> #VALUE! | AU12: =IF(ISERR(AT12),0,AT12) -> 0 | AV12: =IF(EXACT($A$21,$P12),$O12,0) -> #VALUE! | AW12: =IF(ISERR(AV12),0,AV12) -> 0 | AX12: =IF(EXACT($A$22,$P12),$O12,0) -> #VALUE! | AY12: =IF(ISERR(AX12),0,AX12) -> 0 | AZ12: =IF(EXACT($A$23,$P12),$O12,0) -> #VALUE! | BA12: =IF(ISERR(AZ12),0,AZ12) -> 0 | BB12: =IF(EXACT($A$24,$P12),$O12,0) -> #VALUE! | BC12: =IF(ISERR(BB12),0,BB12) -> 0 | BD12: =IF(EXACT($A$25,$P12),$O12,0) -> #VALUE! | BE12: =IF(ISERR(BD12),0,BD12) -> 0 | BF12: =IF(EXACT($A$26,$P12),$O12,0) -> #VALUE! | BG12: =IF(ISERR(BF12),0,BF12) -> 0 | BH12: =IF(EXACT($A$27,$P12),$O12,0) -> #VALUE! | BI12: =IF(ISERR(BH12),0,BH12) -> 0 | BJ12: =IF(EXACT($A$28,$P12),$O12,0) -> #VALUE! | BK12: =IF(ISERR(BJ12),0,BJ12) -> 0 | BL12: =IF(EXACT($A$29,$P12),$O12,0) -> #VALUE! | BM12: =IF(ISERR(BL12),0,BL12) -> 0 | BN12: =IF(EXACT($A$30,$P12),$O12,0) -> #VALUE! | BO12: =IF(ISERR(BN12),0,BN12) -> 0
R13: =K13+0.25*(1-(1-$M$6/M13)^2.67) -> #DIV/0! | S13: =($M$4+K13*$M$6)/$M$6 -> 0.125 | T13: =($M$4/($M$4+$M$6*K13))*(0.56/$M$5*S13^1.667*L13^0.5*$M$6^2.667)/J13 -> #DIV/0! | U13: =K13+($M$4/$M$6)*T13 -> #DIV/0! | V13: =IF(B13>=15,0.54*J13^0.42*L13^0.3*(1/($M$5*U13))^0.6,W13) -> #DIV/0! | W13: =0.58*J13^0.42*L13^0.3*(1/($M$5*U13))^0.6 -> #DIV/0! | X13: =IF($M$4=0,0.6*J13^0.42*L13^0.3*(1/($M$5*U13))^0.6,V13) -> #DIV/0! | Y13: =IF(B13>X13,1,1-(1-B13/X13)^1.8) -> #DIV/0! | AB13: =IF(EXACT($A$11,$P13),$O13,0) -> #VALUE! | AC13: =IF(ISERR(AB13),0,AB13) -> 0 | AD13: =IF(EXACT($A$12,$P13),$O13,0) -> #VALUE! | AE13: =IF(ISERR(AD13),0,AD13) -> 0 | AF13: =IF(EXACT($A$13,$P13),$O13,0) -> #VALUE! | AG13: =IF(ISERR(AF13),0,AF13) -> 0 | AH13: =IF(EXACT($A$14,$P13),$O13,0) -> #VALUE! | AI13: =IF(ISERR(AH13),0,AH13) -> 0 | AJ13: =IF(EXACT($A$15,$P13),$O13,0) -> #VALUE! | AK13: =IF(ISERR(AJ13),0,AJ13) -> 0 | AL13: =IF(EXACT($A$16,$P13),$O13,0) -> #VALUE! | AM13: =IF(ISERR(AL13),0,AL13) -> 0 | AN13: =IF(EXACT($A$17,$P13),$O13,0) -> #VALUE! | AO13: =IF(ISERR(AN13),0,AN13) -> 0 | AP13: =IF(EXACT($A$18,$P13),$O13,0) -> #VALUE! | AQ13: =IF(ISERR(AP13),0,AP13) -> 0 | AR13: =IF(EXACT($A$19,$P13),$O13,0) -> #VALUE! | AS13: =IF(ISERR(AR13),0,AR13) -> 0 | AT13: =IF(EXACT($A$20,$P13),$O13,0) -> #VALUE! | AU13: =IF(ISERR(AT13),0,AT13) -> 0 | AV13: =IF(EXACT($A$21,$P13),$O13,0) -> #VALUE! | AW13: =IF(ISERR(AV13),0,AV13) -> 0 | AX13: =IF(EXACT($A$22,$P13),$O13,0) -> #VALUE! | AY13: =IF(ISERR(AX13),0,AX13) -> 0 | AZ13: =IF(EXACT($A$23,$P13),$O13,0) -> #VALUE! | BA13: =IF(ISERR(AZ13),0,AZ13) -> 0 | BB13: =IF(EXACT($A$24,$P13),$O13,0) -> #VALUE! | BC13: =IF(ISERR(BB13),0,BB13) -> 0 | BD13: =IF(EXACT($A$25,$P13),$O13,0) -> #VALUE! | BE13: =IF(ISERR(BD13),0,BD13) -> 0 | BF13: =IF(EXACT($A$26,$P13),$O13,0) -> #VALUE! | BG13: =IF(ISERR(BF13),0,BF13) -> 0 | BH13: =IF(EXACT($A$27,$P13),$O13,0) -> #VALUE! | BI13: =IF(ISERR(BH13),0,BH13) -> 0 | BJ13: =IF(EXACT($A$28,$P13),$O13,0) -> #VALUE! | BK13: =IF(ISERR(BJ13),0,BJ13) -> 0 | BL13: =IF(EXACT($A$29,$P13),$O13,0) -> #VALUE! | BM13: =IF(ISERR(BL13),0,BL13) -> 0 | BN13: =IF(EXACT($A$30,$P13),$O13,0) -> #VALUE! | BO13: =IF(ISERR(BN13),0,BN13) -> 0
E14: =IF(AND(C14=0,D14=0)," ",+C14*D14) | F14: =IF(AND(C14=0,D14=0)," ",+AI32) | G14: =IF(AND(C14=0,D14=0)," ",+E14+F14) | J14: =IF(AND(C14=0,D14=0)," ",+G14*I14) | M14: =IF(AND(C14=0,D14=0)," ",+K37) | N14: =IF(AND(C14=0,D14=0)," ",O37) | O14: =IF(AND(C14=0,D14=0)," ",+G14*(1-(N14/100))) | R14: =K14+0.25*(1-(1-$M$6/M14)^2.67) -> #DIV/0! | S14: =($M$4+K14*$M$6)/$M$6 -> 0.125 | T14: =($M$4/($M$4+$M$6*K14))*(0.56/$M$5*S14^1.667*L14^0.5*$M$6^2.667)/J14 -> #DIV/0! | U14: =K14+($M$4/$M$6)*T14 -> #DIV/0! | V14: =IF(B14>=15,0.54*J14^0.42*L14^0.3*(1/($M$5*U14))^0.6,W14) -> #DIV/0! | W14: =0.58*J14^0.42*L14^0.3*(1/($M$5*U14))^0.6 -> #DIV/0! | X14: =IF($M$4=0,0.6*J14^0.42*L14^0.3*(1/($M$5*U14))^0.6,V14) -> #DIV/0! | Y14: =IF(B14>X14,1,1-(1-B14/X14)^1.8) -> #DIV/0! | AB14: =IF(EXACT($A$11,$P14),$O14,0) -> #VALUE! | AC14: =IF(ISERR(AB14),0,AB14) -> 0 | AD14: =IF(EXACT($A$12,$P14),$O14,0) -> #VALUE! | AE14: =IF(ISERR(AD14),0,AD14) -> 0 | AF14: =IF(EXACT($A$13,$P14),$O14,0) -> #VALUE! | AG14: =IF(ISERR(AF14),0,AF14) -> 0 | AH14: =IF(EXACT($A$14,$P14),$O14,0) -> #VALUE! | AI14: =IF(ISERR(AH14),0,AH14) -> 0 | AJ14: =IF(EXACT($A$15,$P14),$O14,0) -> #VALUE! | AK14: =IF(ISERR(AJ14),0,AJ14) -> 0 | AL14: =IF(EXACT($A$16,$P14),$O14,0) -> #VALUE! | AM14: =IF(ISERR(AL14),0,AL14) -> 0 | AN14: =IF(EXACT($A$17,$P14),$O14,0) -> #VALUE! | AO14: =IF(ISERR(AN14),0,AN14) -> 0 | AP14: =IF(EXACT($A$18,$P14),$O14,0) -> #VALUE! | AQ14: =IF(ISERR(AP14),0,AP14) -> 0 | AR14: =IF(EXACT($A$19,$P14),$O14,0) -> #VALUE! | AS14: =IF(ISERR(AR14),0,AR14) -> 0 | AT14: =IF(EXACT($A$20,$P14),$O14,0) -> #VALUE! | AU14: =IF(ISERR(AT14),0,AT14) -> 0 | AV14: =IF(EXACT($A$21,$P14),$O14,0) -> #VALUE! | AW14: =IF(ISERR(AV14),0,AV14) -> 0 | AX14: =IF(EXACT($A$22,$P14),$O14,0) -> #VALUE! | AY14: =IF(ISERR(AX14),0,AX14) -> 0 | AZ14: =IF(EXACT($A$23,$P14),$O14,0) -> #VALUE! | BA14: =IF(ISERR(AZ14),0,AZ14) -> 0 | BB14: =IF(EXACT($A$24,$P14),$O14,0) -> #VALUE! | BC14: =IF(ISERR(BB14),0,BB14) -> 0 | BD14: =IF(EXACT($A$25,$P14),$O14,0) -> #VALUE! | BE14: =IF(ISERR(BD14),0,BD14) -> 0 | BF14: =IF(EXACT($A$26,$P14),$O14,0) -> #VALUE! | BG14: =IF(ISERR(BF14),0,BF14) -> 0 | BH14: =IF(EXACT($A$27,$P14),$O14,0) -> #VALUE! | BI14: =IF(ISERR(BH14),0,BH14) -> 0 | BJ14: =IF(EXACT($A$28,$P14),$O14,0) -> #VALUE! | BK14: =IF(ISERR(BJ14),0,BJ14) -> 0 | BL14: =IF(EXACT($A$29,$P14),$O14,0) -> #VALUE! | BM14: =IF(ISERR(BL14),0,BL14) -> 0 | BN14: =IF(EXACT($A$30,$P14),$O14,0) -> #VALUE! | BO14: =IF(ISERR(BN14),0,BN14) -> 0
E15: =IF(AND(C15=0,D15=0)," ",+C15*D15) | F15: =IF(AND(C15=0,D15=0)," ",+AK32) | G15: =IF(AND(C15=0,D15=0)," ",+E15+F15) | J15: =IF(AND(C15=0,D15=0)," ",+G15*I15) | M15: =IF(AND(C15=0,D15=0)," ",+K38) | N15: =IF(AND(C15=0,D15=0)," ",O38) | O15: =IF(AND(C15=0,D15=0)," ",+G15*(1-(N15/100))) | R15: =K15+0.25*(1-(1-$M$6/M15)^2.67) -> #DIV/0! | S15: =($M$4+K15*$M$6)/$M$6 -> 0.125 | T15: =($M$4/($M$4+$M$6*K15))*(0.56/$M$5*S15^1.667*L15^0.5*$M$6^2.667)/J15 -> #DIV/0! | U15: =K15+($M$4/$M$6)*T15 -> #DIV/0! | V15: =IF(B15>=15,0.54*J15^0.42*L15^0.3*(1/($M$5*U15))^0.6,W15) -> #DIV/0! | W15: =0.58*J15^0.42*L15^0.3*(1/($M$5*U15))^0.6 -> #DIV/0! | X15: =IF($M$4=0,0.6*J15^0.42*L15^0.3*(1/($M$5*U15))^0.6,V15) -> #DIV/0! | Y15: =IF(B15>X15,1,1-(1-B15/X15)^1.8) -> #DIV/0! | AB15: =IF(EXACT($A$11,$P15),$O15,0) -> #VALUE! | AC15: =IF(ISERR(AB15),0,AB15) -> 0 | AD15: =IF(EXACT($A$12,$P15),$O15,0) -> #VALUE! | AE15: =IF(ISERR(AD15),0,AD15) -> 0 | AF15: =IF(EXACT($A$13,$P15),$O15,0) -> #VALUE! | AG15: =IF(ISERR(AF15),0,AF15) -> 0 | AH15: =IF(EXACT($A$14,$P15),$O15,0) -> #VALUE! | AI15: =IF(ISERR(AH15),0,AH15) -> 0 | AJ15: =IF(EXACT($A$15,$P15),$O15,0) -> #VALUE! | AK15: =IF(ISERR(AJ15),0,AJ15) -> 0 | AL15: =IF(EXACT($A$16,$P15),$O15,0) -> #VALUE! | AM15: =IF(ISERR(AL15),0,AL15) -> 0 | AN15: =IF(EXACT($A$17,$P15),$O15,0) -> #VALUE! | AO15: =IF(ISERR(AN15),0,AN15) -> 0 | AP15: =IF(EXACT($A$18,$P15),$O15,0) -> #VALUE! | AQ15: =IF(ISERR(AP15),0,AP15) -> 0 | AR15: =IF(EXACT($A$19,$P15),$O15,0) -> #VALUE! | AS15: =IF(ISERR(AR15),0,AR15) -> 0 | AT15: =IF(EXACT($A$20,$P15),$O15,0) -> #VALUE! | AU15: =IF(ISERR(AT15),0,AT15) -> 0 | AV15: =IF(EXACT($A$21,$P15),$O15,0) -> #VALUE! | AW15: =IF(ISERR(AV15),0,AV15) -> 0 | AX15: =IF(EXACT($A$22,$P15),$O15,0) -> #VALUE! | AY15: =IF(ISERR(AX15),0,AX15) -> 0 | AZ15: =IF(EXACT($A$23,$P15),$O15,0) -> #VALUE! | BA15: =IF(ISERR(AZ15),0,AZ15) -> 0 | BB15: =IF(EXACT($A$24,$P15),$O15,0) -> #VALUE! | BC15: =IF(ISERR(BB15),0,BB15) -> 0 | BD15: =IF(EXACT($A$25,$P15),$O15,0) -> #VALUE! | BE15: =IF(ISERR(BD15),0,BD15) -> 0 | BF15: =IF(EXACT($A$26,$P15),$O15,0) -> #VALUE! | BG15: =IF(ISERR(BF15),0,BF15) -> 0 | BH15: =IF(EXACT($A$27,$P15),$O15,0) -> #VALUE! | BI15: =IF(ISERR(BH15),0,BH15) -> 0 | BJ15: =IF(EXACT($A$28,$P15),$O15,0) -> #VALUE! | BK15: =IF(ISERR(BJ15),0,BJ15) -> 0 | BL15: =IF(EXACT($A$29,$P15),$O15,0) -> #VALUE! | BM15: =IF(ISERR(BL15),0,BL15) -> 0 | BN15: =IF(EXACT($A$30,$P15),$O15,0) -> #VALUE! | BO15: =IF(ISERR(BN15),0,BN15) -> 0
E16: =IF(AND(C16=0,D16=0)," ",+C16*D16) | F16: =IF(AND(C16=0,D16=0)," ",+AM32) | G16: =IF(AND(C16=0,D16=0)," ",+E16+F16) | J16: =IF(AND(C16=0,D16=0)," ",+G16*I16) | M16: =IF(AND(C16=0,D16=0)," ",+K39) | N16: =IF(AND(C16=0,D16=0)," ",O39) | O16: =IF(AND(C16=0,D16=0)," ",+G16*(1-(N16/100))) | R16: =K16+0.25*(1-(1-$M$6/M16)^2.67) -> #DIV/0! | S16: =($M$4+K16*$M$6)/$M$6 -> 0.125 | T16: =($M$4/($M$4+$M$6*K16))*(0.56/$M$5*S16^1.667*L16^0.5*$M$6^2.667)/J16 -> #DIV/0! | U16: =K16+($M$4/$M$6)*T16 -> #DIV/0! | V16: =IF(B16>=15,0.54*J16^0.42*L16^0.3*(1/($M$5*U16))^0.6,W16) -> #DIV/0! | W16: =0.58*J16^0.42*L16^0.3*(1/($M$5*U16))^0.6 -> #DIV/0! | X16: =IF($M$4=0,0.6*J16^0.42*L16^0.3*(1/($M$5*U16))^0.6,V16) -> #DIV/0! | Y16: =IF(B16>X16,1,1-(1-B16/X16)^1.8) -> #DIV/0! | AB16: =IF(EXACT($A$11,$P16),$O16,0) -> #VALUE! | AC16: =IF(ISERR(AB16),0,AB16) -> 0 | AD16: =IF(EXACT($A$12,$P16),$O16,0) -> #VALUE! | AE16: =IF(ISERR(AD16),0,AD16) -> 0 | AF16: =IF(EXACT($A$13,$P16),$O16,0) -> #VALUE! | AG16: =IF(ISERR(AF16),0,AF16) -> 0 | AH16: =IF(EXACT($A$14,$P16),$O16,0) -> #VALUE! | AI16: =IF(ISERR(AH16),0,AH16) -> 0 | AJ16: =IF(EXACT($A$15,$P16),$O16,0) -> #VALUE! | AK16: =IF(ISERR(AJ16),0,AJ16) -> 0 | AL16: =IF(EXACT($A$16,$P16),$O16,0) -> #VALUE! | AM16: =IF(ISERR(AL16),0,AL16) -> 0 | AN16: =IF(EXACT($A$17,$P16),$O16,0) -> #VALUE! | AO16: =IF(ISERR(AN16),0,AN16) -> 0 | AP16: =IF(EXACT($A$18,$P16),$O16,0) -> #VALUE! | AQ16: =IF(ISERR(AP16),0,AP16) -> 0 | AR16: =IF(EXACT($A$19,$P16),$O16,0) -> #VALUE! | AS16: =IF(ISERR(AR16),0,AR16) -> 0 | AT16: =IF(EXACT($A$20,$P16),$O16,0) -> #VALUE! | AU16: =IF(ISERR(AT16),0,AT16) -> 0 | AV16: =IF(EXACT($A$21,$P16),$O16,0) -> #VALUE! | AW16: =IF(ISERR(AV16),0,AV16) -> 0 | AX16: =IF(EXACT($A$22,$P16),$O16,0) -> #VALUE! | AY16: =IF(ISERR(AX16),0,AX16) -> 0 | AZ16: =IF(EXACT($A$23,$P16),$O16,0) -> #VALUE! | BA16: =IF(ISERR(AZ16),0,AZ16) -> 0 | BB16: =IF(EXACT($A$24,$P16),$O16,0) -> #VALUE! | BC16: =IF(ISERR(BB16),0,BB16) -> 0 | BD16: =IF(EXACT($A$25,$P16),$O16,0) -> #VALUE! | BE16: =IF(ISERR(BD16),0,BD16) -> 0 | BF16: =IF(EXACT($A$26,$P16),$O16,0) -> #VALUE! | BG16: =IF(ISERR(BF16),0,BF16) -> 0 | BH16: =IF(EXACT($A$27,$P16),$O16,0) -> #VALUE! | BI16: =IF(ISERR(BH16),0,BH16) -> 0 | BJ16: =IF(EXACT($A$28,$P16),$O16,0) -> #VALUE! | BK16: =IF(ISERR(BJ16),0,BJ16) -> 0 | BL16: =IF(EXACT($A$29,$P16),$O16,0) -> #VALUE! | BM16: =IF(ISERR(BL16),0,BL16) -> 0 | BN16: =IF(EXACT($A$30,$P16),$O16,0) -> #VALUE! | BO16: =IF(ISERR(BN16),0,BN16) -> 0
E17: =IF(AND(C17=0,D17=0)," ",+C17*D17) | F17: =IF(AND(C17=0,D17=0)," ",+AO32) | G17: =IF(AND(C17=0,D17=0)," ",+E17+F17) | J17: =IF(AND(C17=0,D17=0)," ",+G17*I17) | M17: =IF(AND(C17=0,D17=0)," ",+K40) | N17: =IF(AND(C17=0,D17=0)," ",O40) | O17: =IF(AND(C17=0,D17=0)," ",+G17*(1-(N17/100))) | R17: =K17+0.25*(1-(1-$M$6/M17)^2.67) -> #DIV/0! | S17: =($M$4+K17*$M$6)/$M$6 -> 0.125 | T17: =($M$4/($M$4+$M$6*K17))*(0.56/$M$5*S17^1.667*L17^0.5*$M$6^2.667)/J17 -> #DIV/0! | U17: =K17+($M$4/$M$6)*T17 -> #DIV/0! | V17: =IF(B17>=15,0.54*J17^0.42*L17^0.3*(1/($M$5*U17))^0.6,W17) -> #DIV/0! | W17: =0.58*J17^0.42*L17^0.3*(1/($M$5*U17))^0.6 -> #DIV/0! | X17: =IF($M$4=0,0.6*J17^0.42*L17^0.3*(1/($M$5*U17))^0.6,V17) -> #DIV/0! | Y17: =IF(B17>X17,1,1-(1-B17/X17)^1.8) -> #DIV/0! | AB17: =IF(EXACT($A$11,$P17),$O17,0) -> #VALUE! | AC17: =IF(ISERR(AB17),0,AB17) -> 0 | AD17: =IF(EXACT($A$12,$P17),$O17,0) -> #VALUE! | AE17: =IF(ISERR(AD17),0,AD17) -> 0 | AF17: =IF(EXACT($A$13,$P17),$O17,0) -> #VALUE! | AG17: =IF(ISERR(AF17),0,AF17) -> 0 | AH17: =IF(EXACT($A$14,$P17),$O17,0) -> #VALUE! | AI17: =IF(ISERR(AH17),0,AH17) -> 0 | AJ17: =IF(EXACT($A$15,$P17),$O17,0) -> #VALUE! | AK17: =IF(ISERR(AJ17),0,AJ17) -> 0 | AL17: =IF(EXACT($A$16,$P17),$O17,0) -> #VALUE! | AM17: =IF(ISERR(AL17),0,AL17) -> 0 | AN17: =IF(EXACT($A$17,$P17),$O17,0) -> #VALUE! | AO17: =IF(ISERR(AN17),0,AN17) -> 0 | AP17: =IF(EXACT($A$18,$P17),$O17,0) -> #VALUE! | AQ17: =IF(ISERR(AP17),0,AP17) -> 0 | AR17: =IF(EXACT($A$19,$P17),$O17,0) -> #VALUE! | AS17: =IF(ISERR(AR17),0,AR17) -> 0 | AT17: =IF(EXACT($A$20,$P17),$O17,0) -> #VALUE! | AU17: =IF(ISERR(AT17),0,AT17) -> 0 | AV17: =IF(EXACT($A$21,$P17),$O17,0) -> #VALUE! | AW17: =IF(ISERR(AV17),0,AV17) -> 0 | AX17: =IF(EXACT($A$22,$P17),$O17,0) -> #VALUE! | AY17: =IF(ISERR(AX17),0,AX17) -> 0 | AZ17: =IF(EXACT($A$23,$P17),$O17,0) -> #VALUE! | BA17: =IF(ISERR(AZ17),0,AZ17) -> 0 | BB17: =IF(EXACT($A$24,$P17),$O17,0) -> #VALUE! | BC17: =IF(ISERR(BB17),0,BB17) -> 0 | BD17: =IF(EXACT($A$25,$P17),$O17,0) -> #VALUE! | BE17: =IF(ISERR(BD17),0,BD17) -> 0 | BF17: =IF(EXACT($A$26,$P17),$O17,0) -> #VALUE! | BG17: =IF(ISERR(BF17),0,BF17) -> 0 | BH17: =IF(EXACT($A$27,$P17),$O17,0) -> #VALUE! | BI17: =IF(ISERR(BH17),0,BH17) -> 0 | BJ17: =IF(EXACT($A$28,$P17),$O17,0) -> #VALUE! | BK17: =IF(ISERR(BJ17),0,BJ17) -> 0 | BL17: =IF(EXACT($A$29,$P17),$O17,0) -> #VALUE! | BM17: =IF(ISERR(BL17),0,BL17) -> 0 | BN17: =IF(EXACT($A$30,$P17),$O17,0) -> #VALUE! | BO17: =IF(ISERR(BN17),0,BN17) -> 0
E18: =IF(AND(C18=0,D18=0)," ",+C18*D18) | F18: =IF(AND(C18=0,D18=0)," ",+AQ32) | G18: =IF(AND(C18=0,D18=0)," ",+E18+F18) | J18: =IF(AND(C18=0,D18=0)," ",+G18*I18) | M18: =IF(AND(C18=0,D18=0)," ",+K41) | N18: =IF(AND(C18=0,D18=0)," ",O41) | O18: =IF(AND(C18=0,D18=0)," ",+G18*(1-(N18/100))) | R18: =K18+0.25*(1-(1-$M$6/M18)^2.67) -> #DIV/0! | S18: =($M$4+K18*$M$6)/$M$6 -> 0.125 | T18: =($M$4/($M$4+$M$6*K18))*(0.56/$M$5*S18^1.667*L18^0.5*$M$6^2.667)/J18 -> #DIV/0! | U18: =K18+($M$4/$M$6)*T18 -> #DIV/0! | V18: =IF(B18>=15,0.54*J18^0.42*L18^0.3*(1/($M$5*U18))^0.6,W18) -> #DIV/0! | W18: =0.58*J18^0.42*L18^0.3*(1/($M$5*U18))^0.6 -> #DIV/0! | X18: =IF($M$4=0,0.6*J18^0.42*L18^0.3*(1/($M$5*U18))^0.6,V18) -> #DIV/0! | Y18: =IF(B18>X18,1,1-(1-B18/X18)^1.8) -> #DIV/0! | AB18: =IF(EXACT($A$11,$P18),$O18,0) -> #VALUE! | AC18: =IF(ISERR(AB18),0,AB18) -> 0 | AD18: =IF(EXACT($A$12,$P18),$O18,0) -> #VALUE! | AE18: =IF(ISERR(AD18),0,AD18) -> 0 | AF18: =IF(EXACT($A$13,$P18),$O18,0) -> #VALUE! | AG18: =IF(ISERR(AF18),0,AF18) -> 0 | AH18: =IF(EXACT($A$14,$P18),$O18,0) -> #VALUE! | AI18: =IF(ISERR(AH18),0,AH18) -> 0 | AJ18: =IF(EXACT($A$15,$P18),$O18,0) -> #VALUE! | AK18: =IF(ISERR(AJ18),0,AJ18) -> 0 | AL18: =IF(EXACT($A$16,$P18),$O18,0) -> #VALUE! | AM18: =IF(ISERR(AL18),0,AL18) -> 0 | AN18: =IF(EXACT($A$17,$P18),$O18,0) -> #VALUE! | AO18: =IF(ISERR(AN18),0,AN18) -> 0 | AP18: =IF(EXACT($A$18,$P18),$O18,0) -> #VALUE! | AQ18: =IF(ISERR(AP18),0,AP18) -> 0 | AR18: =IF(EXACT($A$19,$P18),$O18,0) -> #VALUE! | AS18: =IF(ISERR(AR18),0,AR18) -> 0 | AT18: =IF(EXACT($A$20,$P18),$O18,0) -> #VALUE! | AU18: =IF(ISERR(AT18),0,AT18) -> 0 | AV18: =IF(EXACT($A$21,$P18),$O18,0) -> #VALUE! | AW18: =IF(ISERR(AV18),0,AV18) -> 0 | AX18: =IF(EXACT($A$22,$P18),$O18,0) -> #VALUE! | AY18: =IF(ISERR(AX18),0,AX18) -> 0 | AZ18: =IF(EXACT($A$23,$P18),$O18,0) -> #VALUE! | BA18: =IF(ISERR(AZ18),0,AZ18) -> 0 | BB18: =IF(EXACT($A$24,$P18),$O18,0) -> #VALUE! | BC18: =IF(ISERR(BB18),0,BB18) -> 0 | BD18: =IF(EXACT($A$25,$P18),$O18,0) -> #VALUE! | BE18: =IF(ISERR(BD18),0,BD18) -> 0 | BF18: =IF(EXACT($A$26,$P18),$O18,0) -> #VALUE! | BG18: =IF(ISERR(BF18),0,BF18) -> 0 | BH18: =IF(EXACT($A$27,$P18),$O18,0) -> #VALUE! | BI18: =IF(ISERR(BH18),0,BH18) -> 0 | BJ18: =IF(EXACT($A$28,$P18),$O18,0) -> #VALUE! | BK18: =IF(ISERR(BJ18),0,BJ18) -> 0 | BL18: =IF(EXACT($A$29,$P18),$O18,0) -> #VALUE! | BM18: =IF(ISERR(BL18),0,BL18) -> 0 | BN18: =IF(EXACT($A$30,$P18),$O18,0) -> #VALUE! | BO18: =IF(ISERR(BN18),0,BN18) -> 0
E19: =IF(AND(C19=0,D19=0)," ",+C19*D19) | F19: =IF(AND(C19=0,D19=0)," ",+AS32) | G19: =IF(AND(C19=0,D19=0)," ",+E19+F19) | J19: =IF(AND(C19=0,D19=0)," ",+G19*I19) | M19: =IF(AND(C19=0,D19=0)," ",+K42) | N19: =IF(AND(C19=0,D19=0)," ",O42) | O19: =IF(AND(C19=0,D19=0)," ",+G19*(1-(N19/100))) | R19: =K19+0.25*(1-(1-$M$6/M19)^2.67) -> #DIV/0! | S19: =($M$4+K19*$M$6)/$M$6 -> 0.125 | T19: =($M$4/($M$4+$M$6*K19))*(0.56/$M$5*S19^1.667*L19^0.5*$M$6^2.667)/J19 -> #DIV/0! | U19: =K19+($M$4/$M$6)*T19 -> #DIV/0! | V19: =IF(B19>=15,0.54*J19^0.42*L19^0.3*(1/($M$5*U19))^0.6,W19) -> #DIV/0! | W19: =0.58*J19^0.42*L19^0.3*(1/($M$5*U19))^0.6 -> #DIV/0! | X19: =IF($M$4=0,0.6*J19^0.42*L19^0.3*(1/($M$5*U19))^0.6,V19) -> #DIV/0! | Y19: =IF(B19>X19,1,1-(1-B19/X19)^1.8) -> #DIV/0! | AB19: =IF(EXACT($A$11,$P19),$O19,0) -> #VALUE! | AC19: =IF(ISERR(AB19),0,AB19) -> 0 | AD19: =IF(EXACT($A$12,$P19),$O19,0) -> #VALUE! | AE19: =IF(ISERR(AD19),0,AD19) -> 0 | AF19: =IF(EXACT($A$13,$P19),$O19,0) -> #VALUE! | AG19: =IF(ISERR(AF19),0,AF19) -> 0 | AH19: =IF(EXACT($A$14,$P19),$O19,0) -> #VALUE! | AI19: =IF(ISERR(AH19),0,AH19) -> 0 | AJ19: =IF(EXACT($A$15,$P19),$O19,0) -> #VALUE! | AK19: =IF(ISERR(AJ19),0,AJ19) -> 0 | AL19: =IF(EXACT($A$16,$P19),$O19,0) -> #VALUE! | AM19: =IF(ISERR(AL19),0,AL19) -> 0 | AN19: =IF(EXACT($A$17,$P19),$O19,0) -> #VALUE! | AO19: =IF(ISERR(AN19),0,AN19) -> 0 | AP19: =IF(EXACT($A$18,$P19),$O19,0) -> #VALUE! | AQ19: =IF(ISERR(AP19),0,AP19) -> 0 | AR19: =IF(EXACT($A$19,$P19),$O19,0) -> #VALUE! | AS19: =IF(ISERR(AR19),0,AR19) -> 0 | AT19: =IF(EXACT($A$20,$P19),$O19,0) -> #VALUE! | AU19: =IF(ISERR(AT19),0,AT19) -> 0 | AV19: =IF(EXACT($A$21,$P19),$O19,0) -> #VALUE! | AW19: =IF(ISERR(AV19),0,AV19) -> 0 | AX19: =IF(EXACT($A$22,$P19),$O19,0) -> #VALUE! | AY19: =IF(ISERR(AX19),0,AX19) -> 0 | AZ19: =IF(EXACT($A$23,$P19),$O19,0) -> #VALUE! | BA19: =IF(ISERR(AZ19),0,AZ19) -> 0 | BB19: =IF(EXACT($A$24,$P19),$O19,0) -> #VALUE! | BC19: =IF(ISERR(BB19),0,BB19) -> 0 | BD19: =IF(EXACT($A$25,$P19),$O19,0) -> #VALUE! | BE19: =IF(ISERR(BD19),0,BD19) -> 0 | BF19: =IF(EXACT($A$26,$P19),$O19,0) -> #VALUE! | BG19: =IF(ISERR(BF19),0,BF19) -> 0 | BH19: =IF(EXACT($A$27,$P19),$O19,0) -> #VALUE! | BI19: =IF(ISERR(BH19),0,BH19) -> 0 | BJ19: =IF(EXACT($A$28,$P19),$O19,0) -> #VALUE! | BK19: =IF(ISERR(BJ19),0,BJ19) -> 0 | BL19: =IF(EXACT($A$29,$P19),$O19,0) -> #VALUE! | BM19: =IF(ISERR(BL19),0,BL19) -> 0 | BN19: =IF(EXACT($A$30,$P19),$O19,0) -> #VALUE! | BO19: =IF(ISERR(BN19),0,BN19) -> 0
E20: =IF(AND(C20=0,D20=0)," ",+C20*D20) | F20: =IF(AND(C20=0,D20=0)," ",AU32) | G20: =IF(AND(C20=0,D20=0)," ",+E20+F20) | J20: =IF(AND(C20=0,D20=0)," ",+G20*I20) | M20: =IF(AND(C20=0,D20=0)," ",+K43) | N20: =IF(AND(C20=0,D20=0)," ",O43) | O20: =IF(AND(C20=0,D20=0)," ",+G20*(1-(N20/100))) | R20: =K20+0.25*(1-(1-$M$6/M20)^2.67) -> #DIV/0! | S20: =($M$4+K20*$M$6)/$M$6 -> 0.125 | T20: =($M$4/($M$4+$M$6*K20))*(0.56/$M$5*S20^1.667*L20^0.5*$M$6^2.667)/J20 -> #DIV/0! | U20: =K20+($M$4/$M$6)*T20 -> #DIV/0! | V20: =IF(B20>=15,0.54*J20^0.42*L20^0.3*(1/($M$5*U20))^0.6,W20) -> #DIV/0! | W20: =0.58*J20^0.42*L20^0.3*(1/($M$5*U20))^0.6 -> #DIV/0! | X20: =IF($M$4=0,0.6*J20^0.42*L20^0.3*(1/($M$5*U20))^0.6,V20) -> #DIV/0! | Y20: =IF(B20>X20,1,1-(1-B20/X20)^1.8) -> #DIV/0! | AB20: =IF(EXACT($A$11,$P20),$O20,0) -> #VALUE! | AC20: =IF(ISERR(AB20),0,AB20) -> 0 | AD20: =IF(EXACT($A$12,$P20),$O20,0) -> #VALUE! | AE20: =IF(ISERR(AD20),0,AD20) -> 0 | AF20: =IF(EXACT($A$13,$P20),$O20,0) -> #VALUE! | AG20: =IF(ISERR(AF20),0,AF20) -> 0 | AH20: =IF(EXACT($A$14,$P20),$O20,0) -> #VALUE! | AI20: =IF(ISERR(AH20),0,AH20) -> 0 | AJ20: =IF(EXACT($A$15,$P20),$O20,0) -> #VALUE! | AK20: =IF(ISERR(AJ20),0,AJ20) -> 0 | AL20: =IF(EXACT($A$16,$P20),$O20,0) -> #VALUE! | AM20: =IF(ISERR(AL20),0,AL20) -> 0 | AN20: =IF(EXACT($A$17,$P20),$O20,0) -> #VALUE! | AO20: =IF(ISERR(AN20),0,AN20) -> 0 | AP20: =IF(EXACT($A$18,$P20),$O20,0) -> #VALUE! | AQ20: =IF(ISERR(AP20),0,AP20) -> 0 | AR20: =IF(EXACT($A$19,$P20),$O20,0) -> #VALUE! | AS20: =IF(ISERR(AR20),0,AR20) -> 0 | AT20: =IF(EXACT($A$20,$P20),$O20,0) -> #VALUE! | AU20: =IF(ISERR(AT20),0,AT20) -> 0 | AV20: =IF(EXACT($A$21,$P20),$O20,0) -> #VALUE! | AW20: =IF(ISERR(AV20),0,AV20) -> 0 | AX20: =IF(EXACT($A$22,$P20),$O20,0) -> #VALUE! | AY20: =IF(ISERR(AX20),0,AX20) -> 0 | AZ20: =IF(EXACT($A$23,$P20),$O20,0) -> #VALUE! | BA20: =IF(ISERR(AZ20),0,AZ20) -> 0 | BB20: =IF(EXACT($A$24,$P20),$O20,0) -> #VALUE! | BC20: =IF(ISERR(BB20),0,BB20) -> 0 | BD20: =IF(EXACT($A$25,$P20),$O20,0) -> #VALUE! | BE20: =IF(ISERR(BD20),0,BD20) -> 0 | BF20: =IF(EXACT($A$26,$P20),$O20,0) -> #VALUE! | BG20: =IF(ISERR(BF20),0,BF20) -> 0 | BH20: =IF(EXACT($A$27,$P20),$O20,0) -> #VALUE! | BI20: =IF(ISERR(BH20),0,BH20) -> 0 | BJ20: =IF(EXACT($A$28,$P20),$O20,0) -> #VALUE! | BK20: =IF(ISERR(BJ20),0,BJ20) -> 0 | BL20: =IF(EXACT($A$29,$P20),$O20,0) -> #VALUE! | BM20: =IF(ISERR(BL20),0,BL20) -> 0 | BN20: =IF(EXACT($A$30,$P20),$O20,0) -> #VALUE! | BO20: =IF(ISERR(BN20),0,BN20) -> 0
E21: =IF(AND(C21=0,D21=0)," ",+C21*D21) | F21: =IF(AND(C21=0,D21=0)," ",AW32) | G21: =IF(AND(C21=0,D21=0)," ",+E21+F21) | J21: =IF(AND(C21=0,D21=0)," ",+G21*I21) | M21: =IF(AND(C21=0,D21=0)," ",+K44) | N21: =IF(AND(C21=0,D21=0)," ",O44) | O21: =IF(AND(C21=0,D21=0)," ",+G21*(1-(N21/100))) | R21: =K21+0.25*(1-(1-$M$6/M21)^2.67) -> #DIV/0! | S21: =($M$4+K21*$M$6)/$M$6 -> 0.125 | T21: =($M$4/($M$4+$M$6*K21))*(0.56/$M$5*S21^1.667*L21^0.5*$M$6^2.667)/J21 -> #DIV/0! | U21: =K21+($M$4/$M$6)*T21 -> #DIV/0! | V21: =IF(B21>=15,0.54*J21^0.42*L21^0.3*(1/($M$5*U21))^0.6,W21) -> #DIV/0! | W21: =0.58*J21^0.42*L21^0.3*(1/($M$5*U21))^0.6 -> #DIV/0! | X21: =IF($M$4=0,0.6*J21^0.42*L21^0.3*(1/($M$5*U21))^0.6,V21) -> #DIV/0! | Y21: =IF(B21>X21,1,1-(1-B21/X21)^1.8) -> #DIV/0! | AB21: =IF(EXACT($A$11,$P21),$O21,0) -> #VALUE! | AC21: =IF(ISERR(AB21),0,AB21) -> 0 | AD21: =IF(EXACT($A$12,$P21),$O21,0) -> #VALUE! | AE21: =IF(ISERR(AD21),0,AD21) -> 0 | AF21: =IF(EXACT($A$13,$P21),$O21,0) -> #VALUE! | AG21: =IF(ISERR(AF21),0,AF21) -> 0 | AH21: =IF(EXACT($A$14,$P21),$O21,0) -> #VALUE! | AI21: =IF(ISERR(AH21),0,AH21) -> 0 | AJ21: =IF(EXACT($A$15,$P21),$O21,0) -> #VALUE! | AK21: =IF(ISERR(AJ21),0,AJ21) -> 0 | AL21: =IF(EXACT($A$16,$P21),$O21,0) -> #VALUE! | AM21: =IF(ISERR(AL21),0,AL21) -> 0 | AN21: =IF(EXACT($A$17,$P21),$O21,0) -> #VALUE! | AO21: =IF(ISERR(AN21),0,AN21) -> 0 | AP21: =IF(EXACT($A$18,$P21),$O21,0) -> #VALUE! | AQ21: =IF(ISERR(AP21),0,AP21) -> 0 | AR21: =IF(EXACT($A$19,$P21),$O21,0) -> #VALUE! | AS21: =IF(ISERR(AR21),0,AR21) -> 0 | AT21: =IF(EXACT($A$20,$P21),$O21,0) -> #VALUE! | AU21: =IF(ISERR(AT21),0,AT21) -> 0 | AV21: =IF(EXACT($A$21,$P21),$O21,0) -> #VALUE! | AW21: =IF(ISERR(AV21),0,AV21) -> 0 | AX21: =IF(EXACT($A$22,$P21),$O21,0) -> #VALUE! | AY21: =IF(ISERR(AX21),0,AX21) -> 0 | AZ21: =IF(EXACT($A$23,$P21),$O21,0) -> #VALUE! | BA21: =IF(ISERR(AZ21),0,AZ21) -> 0 | BB21: =IF(EXACT($A$24,$P21),$O21,0) -> #VALUE! | BC21: =IF(ISERR(BB21),0,BB21) -> 0 | BD21: =IF(EXACT($A$25,$P21),$O21,0) -> #VALUE! | BE21: =IF(ISERR(BD21),0,BD21) -> 0 | BF21: =IF(EXACT($A$26,$P21),$O21,0) -> #VALUE! | BG21: =IF(ISERR(BF21),0,BF21) -> 0 | BH21: =IF(EXACT($A$27,$P21),$O21,0) -> #VALUE! | BI21: =IF(ISERR(BH21),0,BH21) -> 0 | BJ21: =IF(EXACT($A$28,$P21),$O21,0) -> #VALUE! | BK21: =IF(ISERR(BJ21),0,BJ21) -> 0 | BL21: =IF(EXACT($A$29,$P21),$O21,0) -> #VALUE! | BM21: =IF(ISERR(BL21),0,BL21) -> 0 | BN21: =IF(EXACT($A$30,$P21),$O21,0) -> #VALUE! | BO21: =IF(ISERR(BN21),0,BN21) -> 0
E22: =IF(AND(C22=0,D22=0)," ",+C22*D22) | F22: =IF(AND(C22=0,D22=0)," ",+AY32) | G22: =IF(AND(C22=0,D22=0)," ",+E22+F22) | J22: =IF(AND(C22=0,D22=0)," ",+G22*I22) | M22: =IF(AND(C22=0,D22=0)," ",+K45) | N22: =IF(AND(C22=0,D22=0)," ",O45) | O22: =IF(AND(C22=0,D22=0)," ",+G22*(1-(N22/100))) | R22: =K22+0.25*(1-(1-$M$6/M22)^2.67) -> #DIV/0! | S22: =($M$4+K22*$M$6)/$M$6 -> 0.125 | T22: =($M$4/($M$4+$M$6*K22))*(0.56/$M$5*S22^1.667*L22^0.5*$M$6^2.667)/J22 -> #DIV/0! | U22: =K22+($M$4/$M$6)*T22 -> #DIV/0! | V22: =IF(B22>=15,0.54*J22^0.42*L22^0.3*(1/($M$5*U22))^0.6,W22) -> #DIV/0! | W22: =0.58*J22^0.42*L22^0.3*(1/($M$5*U22))^0.6 -> #DIV/0! | X22: =IF($M$4=0,0.6*J22^0.42*L22^0.3*(1/($M$5*U22))^0.6,V22) -> #DIV/0! | Y22: =IF(B22>X22,1,1-(1-B22/X22)^1.8) -> #DIV/0! | AB22: =IF(EXACT($A$11,$P22),$O22,0) -> #VALUE! | AC22: =IF(ISERR(AB22),0,AB22) -> 0 | AD22: =IF(EXACT($A$12,$P22),$O22,0) -> #VALUE! | AE22: =IF(ISERR(AD22),0,AD22) -> 0 | AF22: =IF(EXACT($A$13,$P22),$O22,0) -> #VALUE! | AG22: =IF(ISERR(AF22),0,AF22) -> 0 | AH22: =IF(EXACT($A$14,$P22),$O22,0) -> #VALUE! | AI22: =IF(ISERR(AH22),0,AH22) -> 0 | AJ22: =IF(EXACT($A$15,$P22),$O22,0) -> #VALUE! | AK22: =IF(ISERR(AJ22),0,AJ22) -> 0 | AL22: =IF(EXACT($A$16,$P22),$O22,0) -> #VALUE! | AM22: =IF(ISERR(AL22),0,AL22) -> 0 | AN22: =IF(EXACT($A$17,$P22),$O22,0) -> #VALUE! | AO22: =IF(ISERR(AN22),0,AN22) -> 0 | AP22: =IF(EXACT($A$18,$P22),$O22,0) -> #VALUE! | AQ22: =IF(ISERR(AP22),0,AP22) -> 0 | AR22: =IF(EXACT($A$19,$P22),$O22,0) -> #VALUE! | AS22: =IF(ISERR(AR22),0,AR22) -> 0 | AT22: =IF(EXACT($A$20,$P22),$O22,0) -> #VALUE! | AU22: =IF(ISERR(AT22),0,AT22) -> 0 | AV22: =IF(EXACT($A$21,$P22),$O22,0) -> #VALUE! | AW22: =IF(ISERR(AV22),0,AV22) -> 0 | AX22: =IF(EXACT($A$22,$P22),$O22,0) -> #VALUE! | AY22: =IF(ISERR(AX22),0,AX22) -> 0 | AZ22: =IF(EXACT($A$23,$P22),$O22,0) -> #VALUE! | BA22: =IF(ISERR(AZ22),0,AZ22) -> 0 | BB22: =IF(EXACT($A$24,$P22),$O22,0) -> #VALUE! | BC22: =IF(ISERR(BB22),0,BB22) -> 0 | BD22: =IF(EXACT($A$25,$P22),$O22,0) -> #VALUE! | BE22: =IF(ISERR(BD22),0,BD22) -> 0 | BF22: =IF(EXACT($A$26,$P22),$O22,0) -> #VALUE! | BG22: =IF(ISERR(BF22),0,BF22) -> 0 | BH22: =IF(EXACT($A$27,$P22),$O22,0) -> #VALUE! | BI22: =IF(ISERR(BH22),0,BH22) -> 0 | BJ22: =IF(EXACT($A$28,$P22),$O22,0) -> #VALUE! | BK22: =IF(ISERR(BJ22),0,BJ22) -> 0 | BL22: =IF(EXACT($A$29,$P22),$O22,0) -> #VALUE! | BM22: =IF(ISERR(BL22),0,BL22) -> 0 | BN22: =IF(EXACT($A$30,$P22),$O22,0) -> #VALUE! | BO22: =IF(ISERR(BN22),0,BN22) -> 0
E23: =IF(AND(C23=0,D23=0)," ",+C23*D23) | F23: =IF(AND(C23=0,D23=0)," ",BA32) | G23: =IF(AND(C23=0,D23=0)," ",+E23+F23) | J23: =IF(AND(C23=0,D23=0)," ",+G23*I23) | M23: =IF(AND(C23=0,D23=0)," ",+K46) | N23: =IF(AND(C23=0,D23=0)," ",O46) | O23: =IF(AND(C23=0,D23=0)," ",+G23*(1-(N23/100))) | R23: =K23+0.25*(1-(1-$M$6/M23)^2.67) -> #DIV/0! | S23: =($M$4+K23*$M$6)/$M$6 -> 0.125 | T23: =($M$4/($M$4+$M$6*K23))*(0.56/$M$5*S23^1.667*L23^0.5*$M$6^2.667)/J23 -> #DIV/0! | U23: =K23+($M$4/$M$6)*T23 -> #DIV/0! | V23: =IF(B23>=15,0.54*J23^0.42*L23^0.3*(1/($M$5*U23))^0.6,W23) -> #DIV/0! | W23: =0.58*J23^0.42*L23^0.3*(1/($M$5*U23))^0.6 -> #DIV/0! | X23: =IF($M$4=0,0.6*J23^0.42*L23^0.3*(1/($M$5*U23))^0.6,V23) -> #DIV/0! | Y23: =IF(B23>X23,1,1-(1-B23/X23)^1.8) -> #DIV/0! | AB23: =IF(EXACT($A$11,$P23),$O23,0) -> #VALUE! | AC23: =IF(ISERR(AB23),0,AB23) -> 0 | AD23: =IF(EXACT($A$12,$P23),$O23,0) -> #VALUE! | AE23: =IF(ISERR(AD23),0,AD23) -> 0 | AF23: =IF(EXACT($A$13,$P23),$O23,0) -> #VALUE! | AG23: =IF(ISERR(AF23),0,AF23) -> 0 | AH23: =IF(EXACT($A$14,$P23),$O23,0) -> #VALUE! | AI23: =IF(ISERR(AH23),0,AH23) -> 0 | AJ23: =IF(EXACT($A$15,$P23),$O23,0) -> #VALUE! | AK23: =IF(ISERR(AJ23),0,AJ23) -> 0 | AL23: =IF(EXACT($A$16,$P23),$O23,0) -> #VALUE! | AM23: =IF(ISERR(AL23),0,AL23) -> 0 | AN23: =IF(EXACT($A$17,$P23),$O23,0) -> #VALUE! | AO23: =IF(ISERR(AN23),0,AN23) -> 0 | AP23: =IF(EXACT($A$18,$P23),$O23,0) -> #VALUE! | AQ23: =IF(ISERR(AP23),0,AP23) -> 0 | AR23: =IF(EXACT($A$19,$P23),$O23,0) -> #VALUE! | AS23: =IF(ISERR(AR23),0,AR23) -> 0 | AT23: =IF(EXACT($A$20,$P23),$O23,0) -> #VALUE! | AU23: =IF(ISERR(AT23),0,AT23) -> 0 | AV23: =IF(EXACT($A$21,$P23),$O23,0) -> #VALUE! | AW23: =IF(ISERR(AV23),0,AV23) -> 0 | AX23: =IF(EXACT($A$22,$P23),$O23,0) -> #VALUE! | AY23: =IF(ISERR(AX23),0,AX23) -> 0 | AZ23: =IF(EXACT($A$23,$P23),$O23,0) -> #VALUE! | BA23: =IF(ISERR(AZ23),0,AZ23) -> 0 | BB23: =IF(EXACT($A$24,$P23),$O23,0) -> #VALUE! | BC23: =IF(ISERR(BB23),0,BB23) -> 0 | BD23: =IF(EXACT($A$25,$P23),$O23,0) -> #VALUE! | BE23: =IF(ISERR(BD23),0,BD23) -> 0 | BF23: =IF(EXACT($A$26,$P23),$O23,0) -> #VALUE! | BG23: =IF(ISERR(BF23),0,BF23) -> 0 | BH23: =IF(EXACT($A$27,$P23),$O23,0) -> #VALUE! | BI23: =IF(ISERR(BH23),0,BH23) -> 0 | BJ23: =IF(EXACT($A$28,$P23),$O23,0) -> #VALUE! | BK23: =IF(ISERR(BJ23),0,BJ23) -> 0 | BL23: =IF(EXACT($A$29,$P23),$O23,0) -> #VALUE! | BM23: =IF(ISERR(BL23),0,BL23) -> 0 | BN23: =IF(EXACT($A$30,$P23),$O23,0) -> #VALUE! | BO23: =IF(ISERR(BN23),0,BN23) -> 0
E24: =IF(AND(C24=0,D24=0)," ",+C24*D24) | F24: =IF(AND(C24=0,D24=0)," ",+BC32) | G24: =IF(AND(C24=0,D24=0)," ",+E24+F24) | J24: =IF(AND(C24=0,D24=0)," ",+G24*I24) | M24: =IF(AND(C24=0,D24=0)," ",+K47) | N24: =IF(AND(C24=0,D24=0)," ",O47) | O24: =IF(AND(C24=0,D24=0)," ",+G24*(1-(N24/100))) | R24: =K24+0.25*(1-(1-$M$6/M24)^2.67) -> #DIV/0! | S24: =($M$4+K24*$M$6)/$M$6 -> 0.125 | T24: =($M$4/($M$4+$M$6*K24))*(0.56/$M$5*S24^1.667*L24^0.5*$M$6^2.667)/J24 -> #DIV/0! | U24: =K24+($M$4/$M$6)*T24 -> #DIV/0! | V24: =IF(B24>=15,0.54*J24^0.42*L24^0.3*(1/($M$5*U24))^0.6,W24) -> #DIV/0! | W24: =0.58*J24^0.42*L24^0.3*(1/($M$5*U24))^0.6 -> #DIV/0! | X24: =IF($M$4=0,0.6*J24^0.42*L24^0.3*(1/($M$5*U24))^0.6,V24) -> #DIV/0! | Y24: =IF(B24>X24,1,1-(1-B24/X24)^1.8) -> #DIV/0! | AB24: =IF(EXACT($A$11,$P24),$O24,0) -> #VALUE! | AC24: =IF(ISERR(AB24),0,AB24) -> 0 | AD24: =IF(EXACT($A$12,$P24),$O24,0) -> #VALUE! | AE24: =IF(ISERR(AD24),0,AD24) -> 0 | AF24: =IF(EXACT($A$13,$P24),$O24,0) -> #VALUE! | AG24: =IF(ISERR(AF24),0,AF24) -> 0 | AH24: =IF(EXACT($A$14,$P24),$O24,0) -> #VALUE! | AI24: =IF(ISERR(AH24),0,AH24) -> 0 | AJ24: =IF(EXACT($A$15,$P24),$O24,0) -> #VALUE! | AK24: =IF(ISERR(AJ24),0,AJ24) -> 0 | AL24: =IF(EXACT($A$16,$P24),$O24,0) -> #VALUE! | AM24: =IF(ISERR(AL24),0,AL24) -> 0 | AN24: =IF(EXACT($A$17,$P24),$O24,0) -> #VALUE! | AO24: =IF(ISERR(AN24),0,AN24) -> 0 | AP24: =IF(EXACT($A$18,$P24),$O24,0) -> #VALUE! | AQ24: =IF(ISERR(AP24),0,AP24) -> 0 | AR24: =IF(EXACT($A$19,$P24),$O24,0) -> #VALUE! | AS24: =IF(ISERR(AR24),0,AR24) -> 0 | AT24: =IF(EXACT($A$20,$P24),$O24,0) -> #VALUE! | AU24: =IF(ISERR(AT24),0,AT24) -> 0 | AV24: =IF(EXACT($A$21,$P24),$O24,0) -> #VALUE! | AW24: =IF(ISERR(AV24),0,AV24) -> 0 | AX24: =IF(EXACT($A$22,$P24),$O24,0) -> #VALUE! | AY24: =IF(ISERR(AX24),0,AX24) -> 0 | AZ24: =IF(EXACT($A$23,$P24),$O24,0) -> #VALUE! | BA24: =IF(ISERR(AZ24),0,AZ24) -> 0 | BB24: =IF(EXACT($A$24,$P24),$O24,0) -> #VALUE! | BC24: =IF(ISERR(BB24),0,BB24) -> 0 | BD24: =IF(EXACT($A$25,$P24),$O24,0) -> #VALUE! | BE24: =IF(ISERR(BD24),0,BD24) -> 0 | BF24: =IF(EXACT($A$26,$P24),$O24,0) -> #VALUE! | BG24: =IF(ISERR(BF24),0,BF24) -> 0 | BH24: =IF(EXACT($A$27,$P24),$O24,0) -> #VALUE! | BI24: =IF(ISERR(BH24),0,BH24) -> 0 | BJ24: =IF(EXACT($A$28,$P24),$O24,0) -> #VALUE! | BK24: =IF(ISERR(BJ24),0,BJ24) -> 0 | BL24: =IF(EXACT($A$29,$P24),$O24,0) -> #VALUE! | BM24: =IF(ISERR(BL24),0,BL24) -> 0 | BN24: =IF(EXACT($A$30,$P24),$O24,0) -> #VALUE! | BO24: =IF(ISERR(BN24),0,BN24) -> 0
E25: =IF(AND(C25=0,D25=0)," ",+C25*D25) | F25: =IF(AND(C25=0,D25=0)," ",+BE32) | G25: =IF(AND(C25=0,D25=0)," ",+E25+F25) | J25: =IF(AND(C25=0,D25=0)," ",+G25*I25) | M25: =IF(AND(C25=0,D25=0)," ",+K48) | N25: =IF(AND(C25=0,D25=0)," ",O48) | O25: =IF(AND(C25=0,D25=0)," ",+G25*(1-(N25/100))) | R25: =K25+0.25*(1-(1-$M$6/M25)^2.67) -> #DIV/0! | S25: =($M$4+K25*$M$6)/$M$6 -> 0.125 | T25: =($M$4/($M$4+$M$6*K25))*(0.56/$M$5*S25^1.667*L25^0.5*$M$6^2.667)/J25 -> #DIV/0! | U25: =K25+($M$4/$M$6)*T25 -> #DIV/0! | V25: =IF(B25>=15,0.54*J25^0.42*L25^0.3*(1/($M$5*U25))^0.6,W25) -> #DIV/0! | W25: =0.58*J25^0.42*L25^0.3*(1/($M$5*U25))^0.6 -> #DIV/0! | X25: =IF($M$4=0,0.6*J25^0.42*L25^0.3*(1/($M$5*U25))^0.6,V25) -> #DIV/0! | Y25: =IF(B25>X25,1,1-(1-B25/X25)^1.8) -> #DIV/0! | AB25: =IF(EXACT($A$11,$P25),$O25,0) -> #VALUE! | AC25: =IF(ISERR(AB25),0,AB25) -> 0 | AD25: =IF(EXACT($A$12,$P25),$O25,0) -> #VALUE! | AE25: =IF(ISERR(AD25),0,AD25) -> 0 | AF25: =IF(EXACT($A$13,$P25),$O25,0) -> #VALUE! | AG25: =IF(ISERR(AF25),0,AF25) -> 0 | AH25: =IF(EXACT($A$14,$P25),$O25,0) -> #VALUE! | AI25: =IF(ISERR(AH25),0,AH25) -> 0 | AJ25: =IF(EXACT($A$15,$P25),$O25,0) -> #VALUE! | AK25: =IF(ISERR(AJ25),0,AJ25) -> 0 | AL25: =IF(EXACT($A$16,$P25),$O25,0) -> #VALUE! | AM25: =IF(ISERR(AL25),0,AL25) -> 0 | AN25: =IF(EXACT($A$17,$P25),$O25,0) -> #VALUE! | AO25: =IF(ISERR(AN25),0,AN25) -> 0 | AP25: =IF(EXACT($A$18,$P25),$O25,0) -> #VALUE! | AQ25: =IF(ISERR(AP25),0,AP25) -> 0 | AR25: =IF(EXACT($A$19,$P25),$O25,0) -> #VALUE! | AS25: =IF(ISERR(AR25),0,AR25) -> 0 | AT25: =IF(EXACT($A$20,$P25),$O25,0) -> #VALUE! | AU25: =IF(ISERR(AT25),0,AT25) -> 0 | AV25: =IF(EXACT($A$21,$P25),$O25,0) -> #VALUE! | AW25: =IF(ISERR(AV25),0,AV25) -> 0 | AX25: =IF(EXACT($A$22,$P25),$O25,0) -> #VALUE! | AY25: =IF(ISERR(AX25),0,AX25) -> 0 | AZ25: =IF(EXACT($A$23,$P25),$O25,0) -> #VALUE! | BA25: =IF(ISERR(AZ25),0,AZ25) -> 0 | BB25: =IF(EXACT($A$24,$P25),$O25,0) -> #VALUE! | BC25: =IF(ISERR(BB25),0,BB25) -> 0 | BD25: =IF(EXACT($A$25,$P25),$O25,0) -> #VALUE! | BE25: =IF(ISERR(BD25),0,BD25) -> 0 | BF25: =IF(EXACT($A$26,$P25),$O25,0) -> #VALUE! | BG25: =IF(ISERR(BF25),0,BF25) -> 0 | BH25: =IF(EXACT($A$27,$P25),$O25,0) -> #VALUE! | BI25: =IF(ISERR(BH25),0,BH25) -> 0 | BJ25: =IF(EXACT($A$28,$P25),$O25,0) -> #VALUE! | BK25: =IF(ISERR(BJ25),0,BJ25) -> 0 | BL25: =IF(EXACT($A$29,$P25),$O25,0) -> #VALUE! | BM25: =IF(ISERR(BL25),0,BL25) -> 0 | BN25: =IF(EXACT($A$30,$P25),$O25,0) -> #VALUE! | BO25: =IF(ISERR(BN25),0,BN25) -> 0
E26: =IF(AND(C26=0,D26=0)," ",+C26*D26) | F26: =IF(AND(C26=0,D26=0)," ",+BG32) | G26: =IF(AND(C26=0,D26=0)," ",+E26+F26) | J26: =IF(AND(C26=0,D26=0)," ",+G26*I26) | M26: =IF(AND(C26=0,D26=0)," ",+K49) | N26: =IF(AND(C26=0,D26=0)," ",O49) | O26: =IF(AND(C26=0,D26=0)," ",+G26*(1-(N26/100))) | R26: =K26+0.25*(1-(1-$M$6/M26)^2.67) -> #DIV/0! | S26: =($M$4+K26*$M$6)/$M$6 -> 0.125 | T26: =($M$4/($M$4+$M$6*K26))*(0.56/$M$5*S26^1.667*L26^0.5*$M$6^2.667)/J26 -> #DIV/0! | U26: =K26+($M$4/$M$6)*T26 -> #DIV/0! | V26: =IF(B26>=15,0.54*J26^0.42*L26^0.3*(1/($M$5*U26))^0.6,W26) -> #DIV/0! | W26: =0.58*J26^0.42*L26^0.3*(1/($M$5*U26))^0.6 -> #DIV/0! | X26: =IF($M$4=0,0.6*J26^0.42*L26^0.3*(1/($M$5*U26))^0.6,V26) -> #DIV/0! | Y26: =IF(B26>X26,1,1-(1-B26/X26)^1.8) -> #DIV/0! | AB26: =IF(EXACT($A$11,$P26),$O26,0) -> #VALUE! | AC26: =IF(ISERR(AB26),0,AB26) -> 0 | AD26: =IF(EXACT($A$12,$P26),$O26,0) -> #VALUE! | AE26: =IF(ISERR(AD26),0,AD26) -> 0 | AF26: =IF(EXACT($A$13,$P26),$O26,0) -> #VALUE! | AG26: =IF(ISERR(AF26),0,AF26) -> 0 | AH26: =IF(EXACT($A$14,$P26),$O26,0) -> #VALUE! | AI26: =IF(ISERR(AH26),0,AH26) -> 0 | AJ26: =IF(EXACT($A$15,$P26),$O26,0) -> #VALUE! | AK26: =IF(ISERR(AJ26),0,AJ26) -> 0 | AL26: =IF(EXACT($A$16,$P26),$O26,0) -> #VALUE! | AM26: =IF(ISERR(AL26),0,AL26) -> 0 | AN26: =IF(EXACT($A$17,$P26),$O26,0) -> #VALUE! | AO26: =IF(ISERR(AN26),0,AN26) -> 0 | AP26: =IF(EXACT($A$18,$P26),$O26,0) -> #VALUE! | AQ26: =IF(ISERR(AP26),0,AP26) -> 0 | AR26: =IF(EXACT($A$19,$P26),$O26,0) -> #VALUE! | AS26: =IF(ISERR(AR26),0,AR26) -> 0 | AT26: =IF(EXACT($A$20,$P26),$O26,0) -> #VALUE! | AU26: =IF(ISERR(AT26),0,AT26) -> 0 | AV26: =IF(EXACT($A$21,$P26),$O26,0) -> #VALUE! | AW26: =IF(ISERR(AV26),0,AV26) -> 0 | AX26: =IF(EXACT($A$22,$P26),$O26,0) -> #VALUE! | AY26: =IF(ISERR(AX26),0,AX26) -> 0 | AZ26: =IF(EXACT($A$23,$P26),$O26,0) -> #VALUE! | BA26: =IF(ISERR(AZ26),0,AZ26) -> 0 | BB26: =IF(EXACT($A$24,$P26),$O26,0) -> #VALUE! | BC26: =IF(ISERR(BB26),0,BB26) -> 0 | BD26: =IF(EXACT($A$25,$P26),$O26,0) -> #VALUE! | BE26: =IF(ISERR(BD26),0,BD26) -> 0 | BF26: =IF(EXACT($A$26,$P26),$O26,0) -> #VALUE! | BG26: =IF(ISERR(BF26),0,BF26) -> 0 | BH26: =IF(EXACT($A$27,$P26),$O26,0) -> #VALUE! | BI26: =IF(ISERR(BH26),0,BH26) -> 0 | BJ26: =IF(EXACT($A$28,$P26),$O26,0) -> #VALUE! | BK26: =IF(ISERR(BJ26),0,BJ26) -> 0 | BL26: =IF(EXACT($A$29,$P26),$O26,0) -> #VALUE! | BM26: =IF(ISERR(BL26),0,BL26) -> 0 | BN26: =IF(EXACT($A$30,$P26),$O26,0) -> #VALUE! | BO26: =IF(ISERR(BN26),0,BN26) -> 0
E27: =IF(AND(C27=0,D27=0)," ",+C27*D27) | F27: =IF(AND(C27=0,D27=0)," ",+BI32) | G27: =IF(AND(C27=0,D27=0)," ",+E27+F27) | J27: =IF(AND(C27=0,D27=0)," ",+G27*I27) | M27: =IF(AND(C27=0,D27=0)," ",+K50) | N27: =IF(AND(C27=0,D27=0)," ",O50) | O27: =IF(AND(C27=0,D27=0)," ",+G27*(1-(N27/100))) | R27: =K27+0.25*(1-(1-$M$6/M27)^2.67) -> #DIV/0! | S27: =($M$4+K27*$M$6)/$M$6 -> 0.125 | T27: =($M$4/($M$4+$M$6*K27))*(0.56/$M$5*S27^1.667*L27^0.5*$M$6^2.667)/J27 -> #DIV/0! | U27: =K27+($M$4/$M$6)*T27 -> #DIV/0! | V27: =IF(B27>=15,0.54*J27^0.42*L27^0.3*(1/($M$5*U27))^0.6,W27) -> #DIV/0! | W27: =0.58*J27^0.42*L27^0.3*(1/($M$5*U27))^0.6 -> #DIV/0! | X27: =IF($M$4=0,0.6*J27^0.42*L27^0.3*(1/($M$5*U27))^0.6,V27) -> #DIV/0! | Y27: =IF(B27>X27,1,1-(1-B27/X27)^1.8) -> #DIV/0! | AB27: =IF(EXACT($A$11,$P27),$O27,0) -> #VALUE! | AC27: =IF(ISERR(AB27),0,AB27) -> 0 | AD27: =IF(EXACT($A$12,$P27),$O27,0) -> #VALUE! | AE27: =IF(ISERR(AD27),0,AD27) -> 0 | AF27: =IF(EXACT($A$13,$P27),$O27,0) -> #VALUE! | AG27: =IF(ISERR(AF27),0,AF27) -> 0 | AH27: =IF(EXACT($A$14,$P27),$O27,0) -> #VALUE! | AI27: =IF(ISERR(AH27),0,AH27) -> 0 | AJ27: =IF(EXACT($A$15,$P27),$O27,0) -> #VALUE! | AK27: =IF(ISERR(AJ27),0,AJ27) -> 0 | AL27: =IF(EXACT($A$16,$P27),$O27,0) -> #VALUE! | AM27: =IF(ISERR(AL27),0,AL27) -> 0 | AN27: =IF(EXACT($A$17,$P27),$O27,0) -> #VALUE! | AO27: =IF(ISERR(AN27),0,AN27) -> 0 | AP27: =IF(EXACT($A$18,$P27),$O27,0) -> #VALUE! | AQ27: =IF(ISERR(AP27),0,AP27) -> 0 | AR27: =IF(EXACT($A$19,$P27),$O27,0) -> #VALUE! | AS27: =IF(ISERR(AR27),0,AR27) -> 0 | AT27: =IF(EXACT($A$20,$P27),$O27,0) -> #VALUE! | AU27: =IF(ISERR(AT27),0,AT27) -> 0 | AV27: =IF(EXACT($A$21,$P27),$O27,0) -> #VALUE! | AW27: =IF(ISERR(AV27),0,AV27) -> 0 | AX27: =IF(EXACT($A$22,$P27),$O27,0) -> #VALUE! | AY27: =IF(ISERR(AX27),0,AX27) -> 0 | AZ27: =IF(EXACT($A$23,$P27),$O27,0) -> #VALUE! | BA27: =IF(ISERR(AZ27),0,AZ27) -> 0 | BB27: =IF(EXACT($A$24,$P27),$O27,0) -> #VALUE! | BC27: =IF(ISERR(BB27),0,BB27) -> 0 | BD27: =IF(EXACT($A$25,$P27),$O27,0) -> #VALUE! | BE27: =IF(ISERR(BD27),0,BD27) -> 0 | BF27: =IF(EXACT($A$26,$P27),$O27,0) -> #VALUE! | BG27: =IF(ISERR(BF27),0,BF27) -> 0 | BH27: =IF(EXACT($A$27,$P27),$O27,0) -> #VALUE! | BI27: =IF(ISERR(BH27),0,BH27) -> 0 | BJ27: =IF(EXACT($A$28,$P27),$O27,0) -> #VALUE! | BK27: =IF(ISERR(BJ27),0,BJ27) -> 0 | BL27: =IF(EXACT($A$29,$P27),$O27,0) -> #VALUE! | BM27: =IF(ISERR(BL27),0,BL27) -> 0 | BN27: =IF(EXACT($A$30,$P27),$O27,0) -> #VALUE! | BO27: =IF(ISERR(BN27),0,BN27) -> 0
E28: =IF(AND(C28=0,D28=0)," ",+C28*D28) | F28: =IF(AND(C28=0,D28=0)," ",+BK32) | G28: =IF(AND(C28=0,D28=0)," ",+E28+F28) | J28: =IF(AND(C28=0,D28=0)," ",+G28*I28) | M28: =IF(AND(C28=0,D28=0)," ",+K51) | N28: =IF(AND(C28=0,D28=0)," ",O51) | O28: =IF(AND(C28=0,D28=0)," ",+G28*(1-(N28/100))) | R28: =K28+0.25*(1-(1-$M$6/M28)^2.67) -> #DIV/0! | S28: =($M$4+K28*$M$6)/$M$6 -> 0.125 | T28: =($M$4/($M$4+$M$6*K28))*(0.56/$M$5*S28^1.667*L28^0.5*$M$6^2.667)/J28 -> #DIV/0! | U28: =K28+($M$4/$M$6)*T28 -> #DIV/0! | V28: =IF(B28>=15,0.54*J28^0.42*L28^0.3*(1/($M$5*U28))^0.6,W28) -> #DIV/0! | W28: =0.58*J28^0.42*L28^0.3*(1/($M$5*U28))^0.6 -> #DIV/0! | X28: =IF($M$4=0,0.6*J28^0.42*L28^0.3*(1/($M$5*U28))^0.6,V28) -> #DIV/0! | Y28: =IF(B28>X28,1,1-(1-B28/X28)^1.8) -> #DIV/0! | AB28: =IF(EXACT($A$11,$P28),$O28,0) -> #VALUE! | AC28: =IF(ISERR(AB28),0,AB28) -> 0 | AD28: =IF(EXACT($A$12,$P28),$O28,0) -> #VALUE! | AE28: =IF(ISERR(AD28),0,AD28) -> 0 | AF28: =IF(EXACT($A$13,$P28),$O28,0) -> #VALUE! | AG28: =IF(ISERR(AF28),0,AF28) -> 0 | AH28: =IF(EXACT($A$14,$P28),$O28,0) -> #VALUE! | AI28: =IF(ISERR(AH28),0,AH28) -> 0 | AJ28: =IF(EXACT($A$15,$P28),$O28,0) -> #VALUE! | AK28: =IF(ISERR(AJ28),0,AJ28) -> 0 | AL28: =IF(EXACT($A$16,$P28),$O28,0) -> #VALUE! | AM28: =IF(ISERR(AL28),0,AL28) -> 0 | AN28: =IF(EXACT($A$17,$P28),$O28,0) -> #VALUE! | AO28: =IF(ISERR(AN28),0,AN28) -> 0 | AP28: =IF(EXACT($A$18,$P28),$O28,0) -> #VALUE! | AQ28: =IF(ISERR(AP28),0,AP28) -> 0 | AR28: =IF(EXACT($A$19,$P28),$O28,0) -> #VALUE! | AS28: =IF(ISERR(AR28),0,AR28) -> 0 | AT28: =IF(EXACT($A$20,$P28),$O28,0) -> #VALUE! | AU28: =IF(ISERR(AT28),0,AT28) -> 0 | AV28: =IF(EXACT($A$21,$P28),$O28,0) -> #VALUE! | AW28: =IF(ISERR(AV28),0,AV28) -> 0 | AX28: =IF(EXACT($A$22,$P28),$O28,0) -> #VALUE! | AY28: =IF(ISERR(AX28),0,AX28) -> 0 | AZ28: =IF(EXACT($A$23,$P28),$O28,0) -> #VALUE! | BA28: =IF(ISERR(AZ28),0,AZ28) -> 0 | BB28: =IF(EXACT($A$24,$P28),$O28,0) -> #VALUE! | BC28: =IF(ISERR(BB28),0,BB28) -> 0 | BD28: =IF(EXACT($A$25,$P28),$O28,0) -> #VALUE! | BE28: =IF(ISERR(BD28),0,BD28) -> 0 | BF28: =IF(EXACT($A$26,$P28),$O28,0) -> #VALUE! | BG28: =IF(ISERR(BF28),0,BF28) -> 0 | BH28: =IF(EXACT($A$27,$P28),$O28,0) -> #VALUE! | BI28: =IF(ISERR(BH28),0,BH28) -> 0 | BJ28: =IF(EXACT($A$28,$P28),$O28,0) -> #VALUE! | BK28: =IF(ISERR(BJ28),0,BJ28) -> 0 | BL28: =IF(EXACT($A$29,$P28),$O28,0) -> #VALUE! | BM28: =IF(ISERR(BL28),0,BL28) -> 0 | BN28: =IF(EXACT($A$30,$P28),$O28,0) -> #VALUE! | BO28: =IF(ISERR(BN28),0,BN28) -> 0
E29: =IF(AND(C29=0,D29=0)," ",+C29*D29) | F29: =IF(AND(C29=0,D29=0)," ",+BM32) | G29: =IF(AND(C29=0,D29=0)," ",+E29+F29) | J29: =IF(AND(C29=0,D29=0)," ",+G29*I29) | M29: =IF(AND(C29=0,D29=0)," ",+K52) | N29: =IF(AND(C29=0,D29=0)," ",O52) | O29: =IF(AND(C29=0,D29=0)," ",+G29*(1-(N29/100))) | R29: =K29+0.25*(1-(1-$M$6/M29)^2.67) -> #DIV/0! | S29: =($M$4+K29*$M$6)/$M$6 -> 0.125 | T29: =($M$4/($M$4+$M$6*K29))*(0.56/$M$5*S29^1.667*L29^0.5*$M$6^2.667)/J29 -> #DIV/0! | U29: =K29+($M$4/$M$6)*T29 -> #DIV/0! | V29: =IF(B29>=15,0.54*J29^0.42*L29^0.3*(1/($M$5*U29))^0.6,W29) -> #DIV/0! | W29: =0.58*J29^0.42*L29^0.3*(1/($M$5*U29))^0.6 -> #DIV/0! | X29: =IF($M$4=0,0.6*J29^0.42*L29^0.3*(1/($M$5*U29))^0.6,V29) -> #DIV/0! | Y29: =IF(B29>X29,1,1-(1-B29/X29)^1.8) -> #DIV/0! | AB29: =IF(EXACT($A$11,$P29),$O29,0) -> #VALUE! | AC29: =IF(ISERR(AB29),0,AB29) -> 0 | AD29: =IF(EXACT($A$12,$P29),$O29,0) -> #VALUE! | AE29: =IF(ISERR(AD29),0,AD29) -> 0 | AF29: =IF(EXACT($A$13,$P29),$O29,0) -> #VALUE! | AG29: =IF(ISERR(AF29),0,AF29) -> 0 | AH29: =IF(EXACT($A$14,$P29),$O29,0) -> #VALUE! | AI29: =IF(ISERR(AH29),0,AH29) -> 0 | AJ29: =IF(EXACT($A$15,$P29),$O29,0) -> #VALUE! | AK29: =IF(ISERR(AJ29),0,AJ29) -> 0 | AL29: =IF(EXACT($A$16,$P29),$O29,0) -> #VALUE! | AM29: =IF(ISERR(AL29),0,AL29) -> 0 | AN29: =IF(EXACT($A$17,$P29),$O29,0) -> #VALUE! | AO29: =IF(ISERR(AN29),0,AN29) -> 0 | AP29: =IF(EXACT($A$18,$P29),$O29,0) -> #VALUE! | AQ29: =IF(ISERR(AP29),0,AP29) -> 0 | AR29: =IF(EXACT($A$19,$P29),$O29,0) -> #VALUE! | AS29: =IF(ISERR(AR29),0,AR29) -> 0 | AT29: =IF(EXACT($A$20,$P29),$O29,0) -> #VALUE! | AU29: =IF(ISERR(AT29),0,AT29) -> 0 | AV29: =IF(EXACT($A$21,$P29),$O29,0) -> #VALUE! | AW29: =IF(ISERR(AV29),0,AV29) -> 0 | AX29: =IF(EXACT($A$22,$P29),$O29,0) -> #VALUE! | AY29: =IF(ISERR(AX29),0,AX29) -> 0 | AZ29: =IF(EXACT($A$23,$P29),$O29,0) -> #VALUE! | BA29: =IF(ISERR(AZ29),0,AZ29) -> 0 | BB29: =IF(EXACT($A$24,$P29),$O29,0) -> #VALUE! | BC29: =IF(ISERR(BB29),0,BB29) -> 0 | BD29: =IF(EXACT($A$25,$P29),$O29,0) -> #VALUE! | BE29: =IF(ISERR(BD29),0,BD29) -> 0 | BF29: =IF(EXACT($A$26,$P29),$O29,0) -> #VALUE! | BG29: =IF(ISERR(BF29),0,BF29) -> 0 | BH29: =IF(EXACT($A$27,$P29),$O29,0) -> #VALUE! | BI29: =IF(ISERR(BH29),0,BH29) -> 0 | BJ29: =IF(EXACT($A$28,$P29),$O29,0) -> #VALUE! | BK29: =IF(ISERR(BJ29),0,BJ29) -> 0 | BL29: =IF(EXACT($A$29,$P29),$O29,0) -> #VALUE! | BM29: =IF(ISERR(BL29),0,BL29) -> 0 | BN29: =IF(EXACT($A$30,$P29),$O29,0) -> #VALUE! | BO29: =IF(ISERR(BN29),0,BN29) -> 0
E30: =IF(AND(C30=0,D30=0)," ",+C30*D30) | F30: =IF(AND(C30=0,D30=0)," ",BO32) | G30: =IF(AND(C30=0,D30=0)," ",+E30+F30) | J30: =IF(AND(C30=0,D30=0)," ",+G30*I30) | M30: =IF(AND(C30=0,D30=0)," ",+K53) | N30: =IF(AND(C30=0,D30=0)," ",O53) | O30: =IF(AND(C30=0,D30=0)," ",+G30*(1-(N30/100))) | R30: =K30+0.25*(1-(1-$M$6/M30)^2.67) -> #DIV/0! | S30: =($M$4+K30*$M$6)/$M$6 -> 0.125 | T30: =($M$4/($M$4+$M$6*K30))*(0.56/$M$5*S30^1.667*L30^0.5*$M$6^2.667)/J30 -> #DIV/0! | U30: =K30+($M$4/$M$6)*T30 -> #DIV/0! | V30: =IF(B30>=15,0.54*J30^0.42*L30^0.3*(1/($M$5*U30))^0.6,W30) -> #DIV/0! | W30: =0.58*J30^0.42*L30^0.3*(1/($M$5*U30))^0.6 -> #DIV/0! | X30: =IF($M$4=0,0.6*J30^0.42*L30^0.3*(1/($M$5*U30))^0.6,V30) -> #DIV/0! | Y30: =IF(B30>X30,1,1-(1-B30/X30)^1.8) -> #DIV/0! | AB30: =IF(EXACT($A$11,$P30),$O30,0) -> 0 | AC30: =IF(ISERR(AB30),0,AB30) -> 0 | AD30: =IF(EXACT($A$12,$P30),$O30,0) -> #VALUE! | AE30: =IF(ISERR(AD30),0,AD30) -> 0 | AF30: =IF(EXACT($A$13,$P30),$O30,0) -> #VALUE! | AG30: =IF(ISERR(AF30),0,AF30) -> 0 | AH30: =IF(EXACT($A$14,$P30),$O30,0) -> #VALUE! | AI30: =IF(ISERR(AH30),0,AH30) -> 0 | AJ30: =IF(EXACT($A$15,$P30),$O30,0) -> #VALUE! | AK30: =IF(ISERR(AJ30),0,AJ30) -> 0 | AL30: =IF(EXACT($A$16,$P30),$O30,0) -> #VALUE! | AM30: =IF(ISERR(AL30),0,AL30) -> 0 | AN30: =IF(EXACT($A$17,$P30),$O30,0) -> #VALUE! | AO30: =IF(ISERR(AN30),0,AN30) -> 0 | AP30: =IF(EXACT($A$18,$P30),$O30,0) -> #VALUE! | AQ30: =IF(ISERR(AP30),0,AP30) -> 0 | AR30: =IF(EXACT($A$19,$P30),$O30,0) -> #VALUE! | AS30: =IF(ISERR(AR30),0,AR30) -> 0 | AT30: =IF(EXACT($A$20,$P30),$O30,0) -> #VALUE! | AU30: =IF(ISERR(AT30),0,AT30) -> 0 | AV30: =IF(EXACT($A$21,$P30),$O30,0) -> #VALUE! | AW30: =IF(ISERR(AV30),0,AV30) -> 0 | AX30: =IF(EXACT($A$22,$P30),$O30,0) -> #VALUE! | AY30: =IF(ISERR(AX30),0,AX30) -> 0 | AZ30: =IF(EXACT($A$23,$P30),$O30,0) -> #VALUE! | BA30: =IF(ISERR(AZ30),0,AZ30) -> 0 | BB30: =IF(EXACT($A$24,$P30),$O30,0) -> #VALUE! | BC30: =IF(ISERR(BB30),0,BB30) -> 0 | BD30: =IF(EXACT($A$25,$P30),$O30,0) -> #VALUE! | BE30: =IF(ISERR(BD30),0,BD30) -> 0 | BF30: =IF(EXACT($A$26,$P30),$O30,0) -> #VALUE! | BG30: =IF(ISERR(BF30),0,BF30) -> 0 | BH30: =IF(EXACT($A$27,$P30),$O30,0) -> #VALUE! | BI30: =IF(ISERR(BH30),0,BH30) -> 0 | BJ30: =IF(EXACT($A$28,$P30),$O30,0) -> #VALUE! | BK30: =IF(ISERR(BJ30),0,BJ30) -> 0 | BL30: =IF(EXACT($A$29,$P30),$O30,0) -> #VALUE! | BM30: =IF(ISERR(BL30),0,BL30) -> 0 | BN30: =IF(EXACT($A$30,$P30),$O30,0) -> #VALUE! | BO30: =IF(ISERR(BN30),0,BN30) -> 0
C32: Alt - E : Save File and Exit 123 | K32: spread | M32: spread | N32: spread | O32: % intercept | AC32: =SUM(AC11:AC30) -> 0 | AE32: =SUM(AE11:AE30) -> 0 | AG32: =SUM(AG11:AG30) -> 0 | AI32: =SUM(AI11:AI30) -> 0 | AK32: =SUM(AK11:AK30) -> 0 | AM32: =SUM(AM11:AM30) -> 0 | AO32: =SUM(AO11:AO30) -> 0 | AQ32: =SUM(AQ11:AQ30) -> 0 | AS32: =SUM(AS11:AS30) -> 0 | AU32: =SUM(AU11:AU30) -> 0 | AW32: =SUM(AW11:AW30) -> 0 | AY32: =SUM(AY11:AY30) -> 0 | BA32: =SUM(BA11:BA30) -> 0 | BC32: =SUM(BC11:BC30) -> 0 | BE32: =SUM(BE11:BE30) -> 0 | BG32: =SUM(BG11:BG30) -> 0 | BI32: =SUM(BI11:BI30) -> 0 | BK32: =SUM(BK11:BK30) -> 0 | BM32: =SUM(BM11:BM30) -> 0 | BO32: =SUM(BO11:BO30) -> 0
C33: Alt - C : Create Separate Input Data File | K33: used | L33: SUMP | M33: as weir | N33: on-grade | O33: on-grade
C34: Alt - R : Retrieve Input Data File | K34: =IF(ISERR(L34),N34,L34) -> 4.6717466 | L34: =IF(EXACT($L$33,$L11),$M34,0) -> #VALUE! | M34: =(J11/(2.3*(B11+1.8*$M$6)))^0.667/K11 -> 4.0767511 | N34: =((J11*$M$5)/(0.56*K11^1.67*L11^0.5))^0.3745 -> 4.6717466 | O34: =IF(M11=M34,100,+Y11*100) -> 94.388275
C35: Alt - P : Print Results | K35: =IF(ISERR(L35),N35,L35) -> #DIV/0! | L35: =IF(EXACT($L$33,$L12),$M35,0) -> #VALUE! | M35: =(J12/(2.3*(B12+1.8*$M$6)))^0.667/K12 -> #DIV/0! | N35: =((J12*$M$5)/(0.56*K12^1.67*L12^0.5))^0.3745 -> #DIV/0! | O35: =IF(M12=M35,100,+Y12*100) -> #DIV/0!
K36: =IF(ISERR(L36),N36,L36) -> #DIV/0! | L36: =IF(EXACT($L$33,$L13),$M36,0) -> #VALUE! | M36: =(J13/(2.3*(B13+1.8*$M$6)))^0.667/K13 -> #DIV/0! | N36: =((J13*$M$5)/(0.56*K13^1.67*L13^0.5))^0.3745 -> #DIV/0! | O36: =IF(M13=M36,100,+Y13*100) -> #DIV/0!
K37: =IF(ISERR(L37),N37,L37) -> #DIV/0! | L37: =IF(EXACT($L$33,$L14),$M37,0) -> #VALUE! | M37: =(J14/(2.3*(B14+1.8*$M$6)))^0.667/K14 -> #DIV/0! | N37: =((J14*$M$5)/(0.56*K14^1.67*L14^0.5))^0.3745 -> #DIV/0! | O37: =IF(M14=M37,100,+Y14*100) -> #DIV/0!
B38: \0 | C38: {WINDOWSOFF} | K38: =IF(ISERR(L38),N38,L38) -> #DIV/0! | L38: =IF(EXACT($L$33,$L15),$M38,0) -> #VALUE! | M38: =(J15/(2.3*(B15+1.8*$M$6)))^0.667/K15 -> #DIV/0! | N38: =((J15*$M$5)/(0.56*K15^1.67*L15^0.5))^0.3745 -> #DIV/0! | O38: =IF(M15=M38,100,+Y15*100) -> #DIV/0!
C39: /AA{R 4}~NQ | K39: =IF(ISERR(L39),N39,L39) -> #DIV/0! | L39: =IF(EXACT($L$33,$L16),$M39,0) -> #VALUE! | M39: =(J16/(2.3*(B16+1.8*$M$6)))^0.667/K16 -> #DIV/0! | N39: =((J16*$M$5)/(0.56*K16^1.67*L16^0.5))^0.3745 -> #DIV/0! | O39: =IF(M16=M39,100,+Y16*100) -> #DIV/0!
C40: {HOME} | F40: \E | G40: {WINDOWSOFF} | K40: =IF(ISERR(L40),N40,L40) -> #DIV/0! | L40: =IF(EXACT($L$33,$L17),$M40,0) -> #VALUE! | M40: =(J17/(2.3*(B17+1.8*$M$6)))^0.667/K17 -> #DIV/0! | N40: =((J17*$M$5)/(0.56*K17^1.67*L17^0.5))^0.3745 -> #DIV/0! | O40: =IF(M17=M40,100,+Y17*100) -> #DIV/0!
C41: {R 2}{D 3} | G41: /fs~r | K41: =IF(ISERR(L41),N41,L41) -> #DIV/0! | L41: =IF(EXACT($L$33,$L18),$M41,0) -> #VALUE! | M41: =(J18/(2.3*(B18+1.8*$M$6)))^0.667/K18 -> #DIV/0! | N41: =((J18*$M$5)/(0.56*K18^1.67*L18^0.5))^0.3745 -> #DIV/0! | O41: =IF(M18=M41,100,+Y18*100) -> #DIV/0!
C42: /WGPE | G42: /ad~q | K42: =IF(ISERR(L42),N42,L42) -> #DIV/0! | L42: =IF(EXACT($L$33,$L19),$M42,0) -> #VALUE! | M42: =(J19/(2.3*(B19+1.8*$M$6)))^0.667/K19 -> #DIV/0! | N42: =((J19*$M$5)/(0.56*K19^1.67*L19^0.5))^0.3745 -> #DIV/0! | O42: =IF(M19=M42,100,+Y19*100) -> #DIV/0!
G43: /qy | K43: =IF(ISERR(L43),N43,L43) -> #DIV/0! | L43: =IF(EXACT($L$33,$L20),$M43,0) -> #VALUE! | M43: =(J20/(2.3*(B20+1.8*$M$6)))^0.667/K20 -> #DIV/0! | N43: =((J20*$M$5)/(0.56*K20^1.67*L20^0.5))^0.3745 -> #DIV/0! | O43: =IF(M20=M43,100,+Y20*100) -> #DIV/0!
K44: =IF(ISERR(L44),N44,L44) -> #DIV/0! | L44: =IF(EXACT($L$33,$L21),$M44,0) -> #VALUE! | M44: =(J21/(2.3*(B21+1.8*$M$6)))^0.667/K21 -> #DIV/0! | N44: =((J21*$M$5)/(0.56*K21^1.67*L21^0.5))^0.3745 -> #DIV/0! | O44: =IF(M21=M44,100,+Y21*100) -> #DIV/0!
F45: \C | G45: /fxv{escape}{escape}{?}~ | K45: =IF(ISERR(L45),N45,L45) -> #DIV/0! | L45: =IF(EXACT($L$33,$L22),$M45,0) -> #VALUE! | M45: =(J22/(2.3*(B22+1.8*$M$6)))^0.667/K22 -> #DIV/0! | N45: =((J22*$M$5)/(0.56*K22^1.67*L22^0.5))^0.3745 -> #DIV/0! | O45: =IF(M22=M45,100,+Y22*100) -> #DIV/0!
G46: a4..p30~ | K46: =IF(ISERR(L46),N46,L46) -> #DIV/0! | L46: =IF(EXACT($L$33,$L23),$M46,0) -> #VALUE! | M46: =(J23/(2.3*(B23+1.8*$M$6)))^0.667/K23 -> #DIV/0! | N46: =((J23*$M$5)/(0.56*K23^1.67*L23^0.5))^0.3745 -> #DIV/0! | O46: =IF(M23=M46,100,+Y23*100) -> #DIV/0!
K47: =IF(ISERR(L47),N47,L47) -> #DIV/0! | L47: =IF(EXACT($L$33,$L24),$M47,0) -> #VALUE! | M47: =(J24/(2.3*(B24+1.8*$M$6)))^0.667/K24 -> #DIV/0! | N47: =((J24*$M$5)/(0.56*K24^1.67*L24^0.5))^0.3745 -> #DIV/0! | O47: =IF(M24=M47,100,+Y24*100) -> #DIV/0!
A48: \R | B48: {WINDOWSOFF} | K48: =IF(ISERR(L48),N48,L48) -> #DIV/0! | L48: =IF(EXACT($L$33,$L25),$M48,0) -> #VALUE! | M48: =(J25/(2.3*(B25+1.8*$M$6)))^0.667/K25 -> #DIV/0! | N48: =((J25*$M$5)/(0.56*K25^1.67*L25^0.5))^0.3745 -> #DIV/0! | O48: =IF(M25=M48,100,+Y25*100) -> #DIV/0!
B49: /WGPD | K49: =IF(ISERR(L49),N49,L49) -> #DIV/0! | L49: =IF(EXACT($L$33,$L26),$M49,0) -> #VALUE! | M49: =(J26/(2.3*(B26+1.8*$M$6)))^0.667/K26 -> #DIV/0! | N49: =((J26*$M$5)/(0.56*K26^1.67*L26^0.5))^0.3745 -> #DIV/0! | O49: =IF(M26=M49,100,+Y26*100) -> #DIV/0!
B50: {goto}a75~ | K50: =IF(ISERR(L50),N50,L50) -> #DIV/0! | L50: =IF(EXACT($L$33,$L27),$M50,0) -> #VALUE! | M50: =(J27/(2.3*(B27+1.8*$M$6)))^0.667/K27 -> #DIV/0! | N50: =((J27*$M$5)/(0.56*K27^1.67*L27^0.5))^0.3745 -> #DIV/0! | O50: =IF(M27=M50,100,+Y27*100) -> #DIV/0!
B51: /fcce{escape}{escape}{?}~ | K51: =IF(ISERR(L51),N51,L51) -> #DIV/0! | L51: =IF(EXACT($L$33,$L28),$M51,0) -> #VALUE! | M51: =(J28/(2.3*(B28+1.8*$M$6)))^0.667/K28 -> #DIV/0! | N51: =((J28*$M$5)/(0.56*K28^1.67*L28^0.5))^0.3745 -> #DIV/0! | O51: =IF(M28=M51,100,+Y28*100) -> #DIV/0!
B52: /cc75.c75~c4.c4~ | K52: =IF(ISERR(L52),N52,L52) -> #DIV/0! | L52: =IF(EXACT($L$33,$L29),$M52,0) -> #VALUE! | M52: =(J29/(2.3*(B29+1.8*$M$6)))^0.667/K29 -> #DIV/0! | N52: =((J29*$M$5)/(0.56*K29^1.67*L29^0.5))^0.3745 -> #DIV/0! | O52: =IF(M29=M52,100,+Y29*100) -> #DIV/0!
B53: /cc77.c77~c6.c6~ | K53: =IF(ISERR(L53),N53,L53) -> #DIV/0! | L53: =IF(EXACT($L$33,$L30),$M53,0) -> #VALUE! | M53: =(J30/(2.3*(B30+1.8*$M$6)))^0.667/K30 -> #DIV/0! | N53: =((J30*$M$5)/(0.56*K30^1.67*L30^0.5))^0.3745 -> #DIV/0! | O53: =IF(M30=M53,100,+Y30*100) -> #DIV/0!
B54: /ca82..d101~a11..d30~
B55: /ch82..i101~h11..i30~
B56: /ck82.l101~k11..l30~
B57: /cp82..p101~p11..p30~
B58: /cm75..m77~m4..m6~
B59: {home}{goto}c4~ | F59: \P | G59: :pg
B60: /WGPE
A75: PROJECT: | C75: MD410 | H75: 45) | J75: GUTTER DEPRESSION = | M75: 0.125 | N75: FEET
L76: N = | M76: 0.015
A77: CONTRACT NO. : | C77: M 680-201-383 | K77: GUTTER WIDTH = | M77: 1 | N77: FEET
A79: INLET | B79: INLET | C79: AREA | F79: BYPASS | G79: TOTAL | H79: T.O.C. | I79: I | J79: Q | K79: XSLOPE | L79: GRADE | M79: SPREAD | N79: PICKUP | O79: BYPASS | P79: BYPASS
A80: NUMBER | B80: LENGTH | C80: (acres) | D80: C | E80: CA | F80: CA | G80: CA | H80: (MIN) | I80: (IN/HR) | J80: (CFS) | K80: (FT/FT) | L80: (FT/FT) | M80: (FT) | N80: % | O80: CA | P80: TO
A82: I-1 | B82: 20 | C82: 1.58 | D82: 0.35 | E82: 0.553 | F82: 0 | G82: 0.553 | H82: 8.8 | I82: 4.55 | J82: 2.51615 | K82: 0.018 | L82: 0.071 | M82: 7.3723545 | N82: 80.544402 | O82: 0.10758946 | P82: LT STA82
A83: I-2 | B83: 15 | C83: 1.74 | D83: 0.41 | E83: 0.7134 | F83: 0 | G83: 0.7134 | H83: 7.75 | I83: 4.77 | J83: 3.402918 | K83: 0.06 | L83: 0.036 | M83: 4.414922 | N83: 91.041648 | O83: 0.063908883 | P83: I-3
A84: I-3 | B84: 20 | C84: 2.36 | D84: 0.37 | E84: 0.8732 | F84: 0.063908883 | G84: 0.93710888 | H84: 8.6 | I84: 4.6 | J84: 4.3107009 | K84: 0.04 | L84: 0.02 | M84: 6.9392531 | N84: 95.427031 | O84: 0.042853696 | P84: I-4
A85: I-4 | B85: 20 | C85: 0.83 | D85: 0.42 | E85: 0.3486 | F85: 0.042853696 | G85: 0.3914537 | H85: 6.2 | I85: 5.06 | J85: 1.9807557 | K85: 0.014 | L85: 0.02 | M85: 9.9996409 | N85: 94.180056 | O85: 0.022782386 | P85: I-5
A86: I-5 | B86: 20 | C86: 1.43 | D86: 0.35 | E86: 0.5005 | F86: 0.022782386 | G86: 0.52328239 | H86: 6.6 | I86: 4.93 | J86: 2.5797822 | K86: 0.017 | L86: 0.026 | M86: 9.30867 | N86: 87.415516 | O86: 0.06585239 | P86: I-6
A87: I-6 | B87: 20 | C87: 2.55 | D87: 0.36 | E87: 0.918 | F87: 0.06585239 | G87: 0.98385239 | H87: 9.25 | I87: 4.46 | J87: 4.3879817 | K87: 0.031 | L87: 0.033 | M87: 7.4595258 | N87: 83.000141 | O87: 0.16725351 | P87: I-7
A88: I-7 | B88: 20 | C88: 2.89 | D88: 0.41 | E88: 1.1849 | F88: 0.16725351 | G88: 1.3521535 | H88: 9.3 | I88: 4.45 | J88: 6.0170831 | K88: 0.04 | L88: 0.036 | M88: 7.0429536 | N88: 80.409795 | O88: 0.26488964 | P88: INT. CURB
A89: I-8 | B89: 10 | C89: 0.12 | D89: 0.86 | E89: 0.1032 | F89: 0.0065070572 | G89: 0.10970706 | H89: 5 | I89: 5.38 | J89: 0.59022397 | K89: 0.02 | L89: 0.011 | M89: 5.6859903 | N89: 100 | O89: 0 | P89: INT.
A90: I-9 | B90: 10 | C90: 0.17 | D90: 0.86 | E90: 0.1462 | F90: 0 | G90: 0.1462 | H90: 5 | I90: 5.38 | J90: 0.786556 | K90: 0.02 | L90: 0.018 | M90: 5.7738043 | N90: 95.549208 | O90: 0.0065070572 | P90: I-8
A91: I-10 | B91: 15 | C91: 0.15 | D91: 0.86 | E91: 0.129 | F91: 0 | G91: 0.129 | H91: 5 | I91: 5.38 | J91: 0.69402 | K91: 0.02 | L91: 0.042 | M91: 4.7011214 | N91: 100 | O91: 0 | P91: I-9
A92: I-11 | B92: 20 | C92: 1.53 | D92: 0.41 | E92: 0.6273 | F92: 0 | G92: 0.6273 | H92: 8.8 | I92: 4.55 | J92: 2.854215 | K92: 0.029 | L92: 0.045 | M92: 6.2467602 | N92: 89.907892 | O92: 0.063307793 | P92: I-12
A93: I-12 | B93: 20 | C93: 1.44 | D93: 0.39 | E93: 0.5616 | F93: 0.063307793 | G93: 0.62490779 | H93: 8.1 | I93: 4.73 | J93: 2.9558139 | K93: 0.036 | L93: 0.046 | M93: 5.5058832 | N93: 93.180166 | O93: 0.042617672 | P93: I-13
... A100: I-24 | B100: 15 | C100: 0.25 | D100: 0.51 | E100: 0.1275 | F100: 0 | G100: 0.1275 | H100: 5 | I100: 5.38 | J100: 0.68595 | K100: 0.015 | L100: 0.055 | M100: 5.3273135 | N100: 100 | O100: 0 | P100: INT.

Sheet Rationals-MCDOT
A1: STANTEC | J1: STANTEC | S1: STANTEC
A2: PROJECT: | B2: Bladensburg SD-1 | J2: PROJECT: | K2: Bladensburg SD-1 | S2: PROJECT: | T2: ESSN GREENWAY
A3: STANTEC JOB # : | B3: 203403586 | J3: STANTEC JOB # : | K3: 203403586 | S3: STANTEC JOB # : | T3: 2026213122
B5: EX-I-1 | F5: BY | G5: DATE | K5: EX-I-2 | O5: BY | P5: DATE | T5: I-1 | X5: BY | Y5: DATE
E6: COMPUTED | F6: KCY | G6: 46239 | N6: COMPUTED | O6: KCY | P6: 46239 | T6: Grove Street 1111+25 LT | W6: COMPUTED | X6: ALM | Y6: 45028
E7: CHECKED | N7: CHECKED | W7: CHECKED | X7: SMH | Y7: 45260
A9: SOIL TYPE | B9: % SLOPE | C9: LANDUSE | D9: AREA (SF) | E9: 2, 10-YR STORM | G9: 25-YR STORM | J9: SOIL TYPE | K9: % SLOPE | L9: LANDUSE | M9: AREA (SF) | N9: 2, 10-YR STORM | P9: 25-YR STORM | S9: SOIL TYPE | T9: % SLOPE | U9: LANDUSE | V9: AREA (SF) | W9: 2, 10-YR STORM | Y9: 25-YR STORM
E10: C | F10: CA | G10: C | H10: CA | N10: C | O10: CA | P10: C | Q10: CA | W10: C | X10: CA | Y10: C | Z10: CA
A11: --- | B11: --- | C11: Impervious | D11: 2209.54 | E11: 0.9 | F11: =D11*E11 -> 1988.586 | G11: 0.9 | H11: =D11*G11 -> 1988.586 | J11: --- | K11: --- | L11: Impervious | M11: 45469.71 | N11: 0.9 | O11: =M11*N11 -> 40922.739 | P11: 0.9 | Q11: =M11*P11 -> 40922.739 | S11: --- | T11: --- | U11: Impervious | V11: 6485.65 | W11: 0.9 | X11: =V11*W11 -> 5837.085 | Y11: 0.9 | Z11: =V11*Y11 -> 5837.085
A12: D | B12: 2-7% | C12: Open Space | D12: 184.74 | E12: 0.24 | F12: =D12*E12 -> 44.3376 | G12: 0.24 | H12: =D12*G12 -> 44.3376 | J12: D | K12: 2-7% | L12: Open Space | M12: 42247.93 | N12: 0.24 | O12: =M12*N12 -> 10139.503 | P12: 0.24 | Q12: =M12*P12 -> 10139.503 | S12: D | T12: 2-7% | U12: Open Space | V12: 1612.9236 | W12: 0.24 | X12: =V12*W12 -> 387.10166 | Y12: 0.24 | Z12: =V12*Y12 -> 387.10166
C20: TOTALS | D20: =SUM(D11:D19) -> 2394.28 | F20: =SUM(F11:F19) -> 2032.9236 | H20: =SUM(H11:H19) -> 2032.9236 | L20: TOTALS | M20: =SUM(M11:M19) -> 87717.64 | O20: =SUM(O11:O19) -> 51062.242 | Q20: =SUM(Q11:Q19) -> 51062.242 | U20: TOTALS | V20: =SUM(V11:V19) -> 8098.5736 | X20: =SUM(X11:X19) -> 6224.1867 | Z20: =SUM(Z11:Z19) -> 6224.1867
C22: COMPOSITE C FACTOR (2, 10-YR): | D22: =F20/D20 -> 0.84907513 | L22: COMPOSITE C FACTOR (2, 10-YR): | M22: =O20/M20 -> 0.58212057 | U22: COMPOSITE C FACTOR (2, 10-YR): | V22: =X20/V20 -> 0.76855345
C23: COMPOSITE C FACTOR (25-YR): | D23: =H20/D20 -> 0.84907513 | L23: COMPOSITE C FACTOR (25-YR): | M23: =Q20/M20 -> 0.58212057 | U23: COMPOSITE C FACTOR (25-YR): | V23: =Z20/V20 -> 0.76855345
A24: TIME OF CONCENTRATION | J24: TIME OF CONCENTRATION | S24: TIME OF CONCENTRATION
D25: STORM EVENT (YR) | E25: RAINFALL INTENSITY (IN/HR) | F25: DISCHARGE (CFS) | M25: STORM EVENT (YR) | N25: RAINFALL INTENSITY (IN/HR) | O25: DISCHARGE (CFS) | V25: STORM EVENT (YR) | W25: RAINFALL INTENSITY (IN/HR) | X25: DISCHARGE (CFS)
D27: 2 | E27: 4.01 | F27: =(F20*E27)/43560 -> 0.18714471 | M27: 2 | N27: 4.01 | O27: =(O20*N27)/43560 -> 4.7006334 | V27: 2 | W27: 4.01 | X27: =(X20*W27)/43560 -> 0.57297953
A28: Tc = | B28: 5 | C28: MIN | D28: 10 | E28: 6.68 | F28: =(F20*E28)/43560 -> 0.31175229 | J28: Tc = | K28: 10 | L28: MIN | M28: 10 | N28: 5.34 | O28: =(O20*N28)/43560 -> 6.2596964 | S28: Tc = | T28: 7 | U28: MIN | V28: 10 | W28: 6.15 | X28: =(X20*W28)/43560 -> 0.87875914
B29: [10+ (1300-100)/(60 * 7)] | D29: 25 | E29: 6.02 | F29: =(H20*E29)/43560 -> 0.28095041 | M29: 25 | N29: 6.02 | O29: =(Q20*N29)/43560 -> 7.0568112 | V29: 25 | W29: 6.02 | X29: =(Z20*W29)/43560 -> 0.86018374
A31: STANTEC | I31: STANTEC | R31: STANTEC
A32: PROJECT: | B32: Bladensburg SD-1 | I32: PROJECT: | J32: Bladensburg SD-1 | R32: PROJECT: | S32: Bladensburg SD-1
A33: STANTEC JOB # : | B33: 203403586 | I33: STANTEC JOB # : | J33: 203403586 | R33: STANTEC JOB # : | S33: 203403586
B35: I-2 | F35: BY | G35: DATE | J35: I-3 | N35: BY | O35: DATE | S35: I-4 | W35: BY | X35: DATE
E36: COMPUTED | F36: KCY | G36: 46239 | M36: COMPUTED | N36: KCY | O36: 46239 | V36: COMPUTED | W36: KCY | X36: 46239
E37: CHECKED | M37: CHECKED | V37: CHECKED
A39: SOIL TYPE | B39: % SLOPE | C39: LANDUSE | D39: AREA (SF) | E39: 2, 10-YR STORM | G39: 25-YR STORM | I39: SOIL TYPE | J39: % SLOPE | K39: LANDUSE | L39: AREA (SF) | M39: 2, 10-YR STORM | O39: 25-YR STORM | R39: SOIL TYPE | S39: % SLOPE | T39: LANDUSE | U39: AREA (SF) | V39: 2, 10-YR STORM | X39: 25-YR STORM
E40: C | F40: CA | G40: C | H40: CA | M40: C | N40: CA | O40: C | P40: CA | V40: C | W40: CA | X40: C | Y40: CA
A41: --- | B41: --- | C41: Impervious | D41: 8493.56 | E41: 0.9 | F41: =D41*E41 -> 7644.204 | G41: 0.9 | H41: =D41*G41 -> 7644.204 | I41: --- | J41: --- | K41: Impervious | L41: 6975.3 | M41: 0.9 | N41: =L41*M41 -> 6277.77 | O41: 0.9 | P41: =L41*O41 -> 6277.77 | R41: --- | S41: --- | T41: Impervious | U41: 3205.5 | V41: 0.9 | W41: =U41*V41 -> 2884.95 | X41: 0.9 | Y41: =U41*X41 -> 2884.95
A42: D | B42: 2-7% | C42: Open Space | D42: 842.98 | E42: 0.24 | F42: =D42*E42 -> 202.3152 | G42: 0.24 | H42: =D42*G42 -> 202.3152 | I42: D | J42: 2-7% | K42: Open Space | L42: 7464.97 | M42: 0.24 | N42: =L42*M42 -> 1791.5928 | O42: 0.24 | P42: =L42*O42 -> 1791.5928 | R42: D | S42: 2-7% | T42: Open Space | U42: 153.84 | V42: 0.24 | W42: =U42*V42 -> 36.9216 | X42: 0.24 | Y42: =U42*X42 -> 36.9216
C50: TOTALS | D50: =SUM(D41:D49) -> 9336.54 | F50: =SUM(F41:F49) -> 7846.5192 | H50: =SUM(H41:H49) -> 7846.5192 | K50: TOTALS | L50: =SUM(L41:L49) -> 14440.27 | N50: =SUM(N41:N49) -> 8069.3628 | P50: =SUM(P41:P49) -> 8069.3628 | T50: TOTALS | U50: =SUM(U41:U49) -> 3359.34 | W50: =SUM(W41:W49) -> 2921.8716 | Y50: =SUM(Y41:Y49) -> 2921.8716
C52: COMPOSITE C FACTOR (2, 10-YR): | D52: =F50/D50 -> 0.84040974 | K52: COMPOSITE C FACTOR (2, 10-YR): | L52: =N50/L50 -> 0.55880969 | T52: COMPOSITE C FACTOR (2, 10-YR): | U52: =W50/U50 -> 0.86977549
C53: COMPOSITE C FACTOR (25-YR): | D53: =H50/D50 -> 0.84040974 | K53: COMPOSITE C FACTOR (25-YR): | L53: =P50/L50 -> 0.55880969 | T53: COMPOSITE C FACTOR (25-YR): | U53: =Y50/U50 -> 0.86977549
A54: TIME OF CONCENTRATION | I54: TIME OF CONCENTRATION | R54: TIME OF CONCENTRATION
D55: STORM EVENT (YR) | E55: RAINFALL INTENSITY (IN/HR) | F55: DISCHARGE (CFS) | L55: STORM EVENT (YR) | M55: RAINFALL INTENSITY (IN/HR) | N55: DISCHARGE (CFS) | U55: STORM EVENT (YR) | V55: RAINFALL INTENSITY (IN/HR) | W55: DISCHARGE (CFS)
D57: 2 | E57: 4.01 | F57: =(F50*E57)/43560 -> 0.72232649 | L57: 2 | M57: 4.01 | N57: =(N50*M57)/43560 -> 0.74284079 | U57: 2 | V57: 4.01 | W57: =(W50*V57)/43560 -> 0.26897854
A58: Tc = | B58: 5 | C58: MIN | D58: 10 | E58: 6.68 | F58: =(F50*E58)/43560 -> 1.203277 | I58: Tc = | J58: 10 | K58: MIN | L58: 10 | M58: 5.34 | N58: =(N50*M58)/43560 -> 0.98921941 | R58: Tc = | S58: 5 | T58: MIN | U58: 10 | V58: 6.68 | W58: =(W50*V58)/43560 -> 0.44807397
B59: [15+ (1112-100)/(60 * 7)] | D59: 25 | E59: 6.02 | F59: =(H50*E59)/43560 -> 1.0843904 | J59: [15+ (1112-100)/(60 * 7)] | L59: 25 | M59: 6.02 | N59: =(P50*M59)/43560 -> 1.1151874 | S59: [15+ (1112-100)/(60 * 7)] | U59: 25 | V59: 6.02 | W59: =(Y50*V59)/43560 -> 0.40380319
A61: STANTEC | J61: STANTEC | S61: STANTEC
A62: PROJECT: | B62: Bladensburg SD-1 | J62: PROJECT: | K62: Bladensburg SD-1 | S62: PROJECT: | T62: Bladensburg SD-1
A63: STANTEC JOB # : | B63: 203403586 | J63: STANTEC JOB # : | K63: 203403586 | S63: STANTEC JOB # : | T63: 203403586
B65: I-5 | F65: BY | G65: DATE | K65: I-6 | O65: BY | P65: DATE | T65: I-7 | X65: BY | Y65: DATE
E66: COMPUTED | F66: KCY | G66: 46239 | N66: COMPUTED | O66: KCY | P66: 46239 | W66: COMPUTED | X66: KCY | Y66: 46239
E67: CHECKED | N67: CHECKED | W67: CHECKED
A69: SOIL TYPE | B69: % SLOPE | C69: LANDUSE | D69: AREA (SF) | E69: 2, 10-YR STORM | G69: 25-YR STORM | J69: SOIL TYPE | K69: % SLOPE | L69: LANDUSE | M69: AREA (SF) | N69: 2, 10-YR STORM | P69: 25-YR STORM | S69: SOIL TYPE | T69: % SLOPE | U69: LANDUSE | V69: AREA (SF) | W69: 2, 10-YR STORM | Y69: 25-YR STORM
E70: C | F70: CA | G70: C | H70: CA | N70: C | O70: CA | P70: C | Q70: CA | W70: C | X70: CA | Y70: C | Z70: CA
A71: --- | B71: --- | C71: Impervious | D71: 18194.75 | E71: 0.9 | F71: =D71*E71 -> 16375.275 | G71: 0.9 | H71: =D71*G71 -> 16375.275 | J71: --- | K71: --- | L71: Impervious | M71: 6260.4 | N71: 0.9 | O71: =M71*N71 -> 5634.36 | P71: 0.9 | Q71: =M71*P71 -> 5634.36 | S71: --- | T71: --- | U71: Impervious | V71: 54867.11 | W71: 0.9 | X71: =V71*W71 -> 49380.399 | Y71: 0.9 | Z71: =V71*Y71 -> 49380.399
A72: D | B72: 2-7% | C72: Open Space | D72: 10798.4 | E72: 0.24 | F72: =D72*E72 -> 2591.616 | G72: 0.24 | H72: =D72*G72 -> 2591.616 | J72: D | K72: 2-7% | L72: Open Space | M72: 4962.21 | N72: 0.24 | O72: =M72*N72 -> 1190.9304 | P72: 0.24 | Q72: =M72*P72 -> 1190.9304 | S72: D | T72: 2-7% | U72: Open Space | V72: 52306.26 | W72: 0.24 | X72: =V72*W72 -> 12553.502 | Y72: 0.24 | Z72: =V72*Y72 -> 12553.502
C80: TOTALS | D80: =SUM(D71:D79) -> 28993.15 | F80: =SUM(F71:F79) -> 18966.891 | H80: =SUM(H71:H79) -> 18966.891 | L80: TOTALS | M80: =SUM(M71:M79) -> 11222.61 | O80: =SUM(O71:O79) -> 6825.2904 | Q80: =SUM(Q71:Q79) -> 6825.2904 | U80: TOTALS | V80: =SUM(V71:V79) -> 107173.37 | X80: =SUM(X71:X79) -> 61933.901 | Z80: =SUM(Z71:Z79) -> 61933.901
C82: COMPOSITE C FACTOR (2, 10-YR): | D82: =F80/D80 -> 0.65418525 | L82: COMPOSITE C FACTOR (2, 10-YR): | M82: =O80/M80 -> 0.60817318 | U82: COMPOSITE C FACTOR (2, 10-YR): | V82: =X80/V80 -> 0.57788517
C83: COMPOSITE C FACTOR (25-YR): | D83: =H80/D80 -> 0.65418525 | L83: COMPOSITE C FACTOR (25-YR): | M83: =Q80/M80 -> 0.60817318 | U83: COMPOSITE C FACTOR (25-YR): | V83: =Z80/V80 -> 0.57788517
A84: TIME OF CONCENTRATION | J84: TIME OF CONCENTRATION | S84: TIME OF CONCENTRATION
D85: STORM EVENT (YR) | E85: RAINFALL INTENSITY (IN/HR) | F85: DISCHARGE (CFS) | M85: STORM EVENT (YR) | N85: RAINFALL INTENSITY (IN/HR) | O85: DISCHARGE (CFS) | V85: STORM EVENT (YR) | W85: RAINFALL INTENSITY (IN/HR) | X85: DISCHARGE (CFS)
D87: 2 | E87: 4.01 | F87: =(F80*E87)/43560 -> 1.7460338 | M87: 2 | N87: 4.01 | O87: =(O80*N87)/43560 -> 0.6283153 | V87: 2 | W87: 4.01 | X87: =(X80*W87)/43560 -> 5.701445
A88: Tc = | B88: 7 | C88: MIN | D88: 10 | E88: 6.15 | F88: =(F80*E88)/43560 -> 2.6778324 | J88: Tc = | K88: 10 | L88: MIN | M88: 10 | N88: 5.34 | O88: =(O80*N88)/43560 -> 0.83670915 | S88: Tc = | T88: 10 | U88: MIN | V88: 10 | W88: 5.34 | X88: =(X80*W88)/43560 -> 7.592448
B89: [15+ (1112-100)/(60 * 7)] | D89: 25 | E89: 6.02 | F89: =(H80*E89)/43560 -> 2.6212278 | K89: [15+ (1112-100)/(60 * 7)] | M89: 25 | N89: 6.02 | O89: =(Q80*N89)/43560 -> 0.94325639 | T89: [15+ (1112-100)/(60 * 7)] | V89: 25 | W89: 6.02 | X89: =(Z80*W89)/43560 -> 8.5592765

Sheet Inlet Spacing_10-yr
H1: PROPOSED INLET SPACING SPREADSHEET
U2: Note: Formulas have been voided and flowmaster has been used and results manually inputted
A4: PROJECT: | D4: BladB SD-1 | K4: GUTTER DEPRESSION = | N4: 0.0833 | O4: FEET | Y4: REQUIRED LENGTH FOR
M5: N = | N5: 0.013 | Y5: TOTAL INTERCEPTION
A6: CONTRACT NO. : | H6: STORM FREQUENCY: 10 - YEAR MOCO | L6: GUTTER WIDTH = | N6: 1.33 | O6: FEET
Y7: if L>=15 | AA7: if a=0
A8: INLET | B8: CATCH BASIN | C8: INLET | D8: AREA | G8: BYPASS | H8: TOTAL | I8: T.O.C. | J8: I10 | K8: Q10 | L8: XSLOPE | M8: GRADE | N8: COMPUTATIONAL | O8: ALLOWABLE SPREAD | P8: SPREAD | Q8: PICKUP | R8: BYPASS | S8: BYPASS | V8: relative | W8: flow ratio | X8: equivalent | Y8: k=0.54,else | AA8: k=0.60,else | AB8: intercept
A9: NUMBER | B9: TYPE | C9: LENGTH | D9: (acres) | E9: C | F9: CA | G9: CA | H9: CA | I9: (MIN) | J9: (IN/HR) | K9: (CFS) | L9: (FT/FT) | M9: (FT/FT) | N9: PROGRAM | O9: (FT) | P9: (FT) | Q9: % | R9: CA | S9: TO | V9: X-slope | X9: X-slope | Y9: k=0.58 | Z9: k=0.58 | AA9: see V | AB9: efficiency
A10: EXISTING CONDITIONS
A11: ='Rationals-MCDOT'!B5 -> EX-I-1 | C11: 11.1 | D11: ='Rationals-MCDOT'!D20/43560 -> 0.054965106 | E11: ='Rationals-MCDOT'!D22 -> 0.84907513 | F11: =IF(AND(D11=0,E11=0)," ",+D11*E11) -> 0.046669504 | G11: =R13+R19 -> 0.29168895 | H11: =IF(AND(D11=0,E11=0)," ",+F11+G11) -> 0.33835846 | I11: ='Rationals-MCDOT'!B28 -> 5 | J11: ='Rationals-MCDOT'!E28 -> 6.68 | K11: =IF(AND(D11=0,E11=0)," ",+H11*J11) -> 2.2602345 | L11: 0.055 | M11: SUMP | N11: FLOWMASTER | O11: 8 | P11: 3.2 | Q11: 100 | R11: =IF(AND(D11=0,E11=0)," ",+H11*(1-(Q11/100))) -> 0 | U11: =L11+0.25*(1-(1-$N$6/P11)^2.67) -> 0.24543287 | V11: =($N$4+L11*$N$6)/$N$6 -> 0.11763158 | W11: =($N$4/($N$4+$N$6*L11))*(0.56/$N$5*V11^1.667*M11^0.5*$N$6^2.667)/K11 -> 0 | X11: =L11+($N$4/$N$6)*W11 -> 0.055 | Y11: =IF(C11>=15,0.54*K11^0.42*M11^0.3*(1/($N$5*X11))^0.6,Z11) -> 0 | Z11: =0.58*K11^0.42*M11^0.3*(1/($N$5*X11))^0.6 -> 0 | AA11: =IF($N$4=0,0.6*K11^0.42*M11^0.3*(1/($N$5*X11))^0.6,Y11) -> 0 | AB11: =IF(C11>AA11,1,1-(1-C11/AA11)^1.8) -> 1 | AE11: =IF(EXACT($A$11,$S11),$R11,0) -> #VALUE! | AF11: =IF(ISERR(AE11),0,AE11) -> 0 | AG11: =IF(EXACT($A$13,$S11),$R11,0) -> #VALUE! | AH11: =IF(ISERR(AG11),0,AG11) -> 0 | AI11: =IF(EXACT($A$15,$S11),$R11,0) -> #VALUE! | AJ11: =IF(ISERR(AI11),0,AI11) -> 0 | AK11: =IF(EXACT(#REF!,$S11),$R11,0) -> #REF! | AL11: =IF(ISERR(AK11),0,AK11) -> 0 | AM11: =IF(EXACT($A$17,$S11),$R11,0) -> #VALUE! | AN11: =IF(ISERR(AM11),0,AM11) -> 0 | AO11: =IF(EXACT($A$18,$S11),$R11,0) -> #VALUE! | AP11: =IF(ISERR(AO11),0,AO11) -> 0 | AQ11: =IF(EXACT($A$20,$S11),$R11,0) -> #VALUE! | AR11: =IF(ISERR(AQ11),0,AQ11) -> 0 | AS11: =IF(EXACT($A$21,$S11),$R11,0) -> #VALUE! | AT11: =IF(ISERR(AS11),0,AS11) -> 0 | AU11: =IF(EXACT($A$22,$S11),$R11,0) -> #VALUE! | AV11: =IF(ISERR(AU11),0,AU11) -> 0 | AW11: =IF(EXACT($A$23,$S11),$R11,0) -> #VALUE! | AX11: =IF(ISERR(AW11),0,AW11) -> 0 | AY11: =IF(EXACT($A$24,$S11),$R11,0) -> #VALUE! | AZ11: =IF(ISERR(AY11),0,AY11) -> 0 | BA11: =IF(EXACT($A$25,$S11),$R11,0) -> #VALUE! | BB11: =IF(ISERR(BA11),0,BA11) -> 0 | BC11: =IF(EXACT($A$26,$S11),$R11,0) -> #VALUE! | BD11: =IF(ISERR(BC11),0,BC11) -> 0 | BE11: =IF(EXACT($A$27,$S11),$R11,0) -> #VALUE! | BF11: =IF(ISERR(BE11),0,BE11) -> 0 | BG11: =IF(EXACT($A$33,$S11),$R11,0) -> #VALUE! | BH11: =IF(ISERR(BG11),0,BG11) -> 0 | BI11: =IF(EXACT($A$34,$S11),$R11,0) -> #VALUE! | BJ11: =IF(ISERR(BI11),0,BI11) -> 0 | BK11: =IF(EXACT($A$35,$S11),$R11,0) -> #VALUE! | BL11: =IF(ISERR(BK11),0,BK11) -> 0 | BM11: =IF(EXACT($A$36,$S11),$R11,0) -> #VALUE! | BN11: =IF(ISERR(BM11),0,BM11) -> 0 | BO11: =IF(EXACT($A$37,$S11),$R11,0) -> #VALUE! | BP11: =IF(ISERR(BO11),0,BO11) -> 0 | BQ11: =IF(EXACT($A$38,$S11),$R11,0) -> #VALUE! | BR11: =IF(ISERR(BQ11),0,BQ11) -> 0
A12: ='Rationals-MCDOT'!K5 -> EX-I-2 | C12: 15 | D12: ='Rationals-MCDOT'!M20/43560 -> 2.0137199 | E12: ='Rationals-MCDOT'!M22 -> 0.58212057 | F12: =IF(AND(D12=0,E12=0)," ",+D12*E12) -> 1.1722278 | G12: 0 | H12: =IF(AND(D12=0,E12=0)," ",+F12+G12) -> 1.1722278 | I12: ='Rationals-MCDOT'!K28 -> 10 | J12: ='Rationals-MCDOT'!N28 -> 5.34 | K12: =IF(AND(D12=0,E12=0)," ",+H12*J12) -> 6.2596964 | L12: 0.04 | M12: SUMP | N12: FLOWMASTER | O12: 8 | P12: 8.6 | Q12: 100 | R12: =IF(AND(D12=0,E12=0)," ",+H12*(1-(Q12/100))) -> 0 | U12: =L12+0.25*(1-(1-$N$6/P12)^2.67) -> 0.13036577 | V12: =($N$4+L12*$N$6)/$N$6 -> 0.10263158 | W12: =($N$4/($N$4+$N$6*L12))*(0.56/$N$5*V12^1.667*M12^0.5*$N$6^2.667)/K12 -> 0 | X12: =L12+($N$4/$N$6)*W12 -> 0.04 | Y12: =IF(C12>=15,0.54*K12^0.42*M12^0.3*(1/($N$5*X12))^0.6,Z12) -> 0 | Z12: =0.58*K12^0.42*M12^0.3*(1/($N$5*X12))^0.6 -> 0 | AA12: =IF($N$4=0,0.6*K12^0.42*M12^0.3*(1/($N$5*X12))^0.6,Y12) -> 0 | AB12: =IF(C12>AA12,1,1-(1-C12/AA12)^1.8) -> 1
A13: ='Rationals-MCDOT'!T5 -> I-1 | C13: 5 | D13: ='Rationals-MCDOT'!V20/43560 -> 0.18591767 | E13: ='Rationals-MCDOT'!V22 -> 0.76855345 | F13: =IF(AND(D13=0,E13=0)," ",+D13*E13) -> 0.14288766 | G13: 0 | H13: =IF(AND(D13=0,E13=0)," ",+F13+G13) -> 0.14288766 | I13: ='Rationals-MCDOT'!T28 -> 7 | J13: ='Rationals-MCDOT'!W28 -> 6.15 | K13: =IF(AND(D13=0,E13=0)," ",+H13*J13) -> 0.87875914 | L13: 0.044 | M13: 0.01 | N13: FLOWMASTER | O13: 8 | P13: 4.1 | Q13: 99.25 | R13: =IF(AND(D13=0,E13=0)," ",+H13*(1-(Q13/100))) -> 0.0010716575 | S13: EX-I-1 | U13: =L13+0.25*(1-(1-$N$6/P13)^2.67) -> 0.20625385 | V13: =($N$4+L13*$N$6)/$N$6 -> 0.10663158 | W13: =($N$4/($N$4+$N$6*L13))*(0.56/$N$5*V13^1.667*M13^0.5*$N$6^2.667)/K13 -> 0.14759796 | X13: =L13+($N$4/$N$6)*W13 -> 0.053244293 | Y13: =IF(C13>=15,0.54*K13^0.42*M13^0.3*(1/($N$5*X13))^0.6,Z13) -> 10.857341 | Z13: =0.58*K13^0.42*M13^0.3*(1/($N$5*X13))^0.6 -> 10.857341 | AA13: =IF($N$4=0,0.6*K13^0.42*M13^0.3*(1/($N$5*X13))^0.6,Y13) -> 10.857341 | AB13: =IF(C13>AA13,1,1-(1-C13/AA13)^1.8) -> 0.67072508 | AE13: =IF(EXACT($A$11,$S13),$R13,0) -> 0.0010716575 | AF13: =IF(ISERR(AE13),0,AE13) -> 0.0010716575 | AG13: =IF(EXACT($A$13,$S13),$R13,0) -> 0 | AH13: =IF(ISERR(AG13),0,AG13) -> 0 | AI13: =IF(EXACT($A$15,$S13),$R13,0) -> 0 | AJ13: =IF(ISERR(AI13),0,AI13) -> 0 | AK13: =IF(EXACT(#REF!,$S13),$R13,0) -> #REF! | AL13: =IF(ISERR(AK13),0,AK13) -> 0 | AM13: =IF(EXACT($A$17,$S13),$R13,0) -> 0 | AN13: =IF(ISERR(AM13),0,AM13) -> 0 | AO13: =IF(EXACT($A$18,$S13),$R13,0) -> 0 | AP13: =IF(ISERR(AO13),0,AO13) -> 0 | AQ13: =IF(EXACT($A$20,$S13),$R13,0) -> #VALUE! | AR13: =IF(ISERR(AQ13),0,AQ13) -> 0 | AS13: =IF(EXACT($A$21,$S13),$R13,0) -> #VALUE! | AT13: =IF(ISERR(AS13),0,AS13) -> 0 | AU13: =IF(EXACT($A$22,$S13),$R13,0) -> #VALUE! | AV13: =IF(ISERR(AU13),0,AU13) -> 0 | AW13: =IF(EXACT($A$23,$S13),$R13,0) -> #VALUE! | AX13: =IF(ISERR(AW13),0,AW13) -> 0 | AY13: =IF(EXACT($A$24,$S13),$R13,0) -> #VALUE! | AZ13: =IF(ISERR(AY13),0,AY13) -> 0 | BA13: =IF(EXACT($A$25,$S13),$R13,0) -> #VALUE! | BB13: =IF(ISERR(BA13),0,BA13) -> 0 | BC13: =IF(EXACT($A$26,$S13),$R13,0) -> #VALUE! | BD13: =IF(ISERR(BC13),0,BC13) -> 0 | BE13: =IF(EXACT($A$27,$S13),$R13,0) -> #VALUE! | BF13: =IF(ISERR(BE13),0,BE13) -> 0 | BG13: =IF(EXACT($A$33,$S13),$R13,0) -> #VALUE! | BH13: =IF(ISERR(BG13),0,BG13) -> 0 | BI13: =IF(EXACT($A$34,$S13),$R13,0) -> #VALUE! | BJ13: =IF(ISERR(BI13),0,BI13) -> 0 | BK13: =IF(EXACT($A$35,$S13),$R13,0) -> #VALUE! | BL13: =IF(ISERR(BK13),0,BK13) -> 0 | BM13: =IF(EXACT($A$36,$S13),$R13,0) -> #VALUE! | BN13: =IF(ISERR(BM13),0,BM13) -> 0 | BO13: =IF(EXACT($A$37,$S13),$R13,0) -> #VALUE! | BP13: =IF(ISERR(BO13),0,BO13) -> 0 | BQ13: =IF(EXACT($A$38,$S13),$R13,0) -> #VALUE! | BR13: =IF(ISERR(BQ13),0,BQ13) -> 0
A14: ='Rationals-MCDOT'!B35 -> I-2 | C14: 15 | D14: ='Rationals-MCDOT'!D50/43560 -> 0.21433747 | E14: ='Rationals-MCDOT'!D52 -> 0.84040974 | F14: =IF(AND(D14=0,E14=0)," ",+D14*E14) -> 0.18013129 | G14: 0 | H14: =IF(AND(D14=0,E14=0)," ",+F14+G14) -> 0.18013129 | I14: ='Rationals-MCDOT'!B58 -> 5 | J14: ='Rationals-MCDOT'!E58 -> 6.68 | K14: =IF(AND(D14=0,E14=0)," ",+H14*J14) -> 1.203277 | L14: 0.0219 | M14: 0.0212 | N14: FLOWMASTER | O14: 8 | P14: 4.9 | Q14: 100 | R14: =IF(AND(D14=0,E14=0)," ",+H14*(1-(Q14/100))) -> 0 | U14: =L14+0.25*(1-(1-$N$6/P14)^2.67) -> 0.16456519 | V14: =($N$4+L14*$N$6)/$N$6 -> 0.084531579 | W14: =($N$4/($N$4+$N$6*L14))*(0.56/$N$5*V14^1.667*M14^0.5*$N$6^2.667)/K14 -> 0.13442323 | X14: =L14+($N$4/$N$6)*W14 -> 0.030319139 | Y14: =IF(C14>=15,0.54*K14^0.42*M14^0.3*(1/($N$5*X14))^0.6,Z14) -> 20.260584 | Z14: =0.58*K14^0.42*M14^0.3*(1/($N$5*X14))^0.6 -> 21.761368 | AA14: =IF($N$4=0,0.6*K14^0.42*M14^0.3*(1/($N$5*X14))^0.6,Y14) -> 20.260584 | AB14: =IF(C14>AA14,1,1-(1-C14/AA14)^1.8) -> 0.91171487
A15: ='Rationals-MCDOT'!J35 -> I-3 | C15: 10 | D15: ='Rationals-MCDOT'!L50/43560 -> 0.33150298 | E15: ='Rationals-MCDOT'!L52 -> 0.55880969 | F15: =IF(AND(D15=0,E15=0)," ",+D15*E15) -> 0.18524708 | G15: 0 | H15: =IF(AND(D15=0,E15=0)," ",+F15+G15) -> 0.18524708 | I15: ='Rationals-MCDOT'!J58 -> 10 | J15: ='Rationals-MCDOT'!M58 -> 5.34 | K15: =IF(AND(D15=0,E15=0)," ",+H15*J15) -> 0.98921941 | L15: 0.019 | M15: 0.08 | N15: FLOWMASTER | O15: 8 | P15: 5.9 | Q15: 100 | R15: =IF(AND(D15=0,E15=0)," ",+H15*(1-(Q15/100))) -> 0 | U15: =L15+0.25*(1-(1-$N$6/P15)^2.67) -> 0.14260165 | V15: =($N$4+L15*$N$6)/$N$6 -> 0.081631579 | W15: =($N$4/($N$4+$N$6*L15))*(0.56/$N$5*V15^1.667*M15^0.5*$N$6^2.667)/K15 -> 0.3103217 | X15: =L15+($N$4/$N$6)*W15 -> 0.038435938 | Y15: =IF(C15>=15,0.54*K15^0.42*M15^0.3*(1/($N$5*X15))^0.6,Z15) -> 25.892226 | Z15: =0.58*K15^0.42*M15^0.3*(1/($N$5*X15))^0.6 -> 25.892226 | AA15: =IF($N$4=0,0.6*K15^0.42*M15^0.3*(1/($N$5*X15))^0.6,Y15) -> 25.892226 | AB15: =IF(C15>AA15,1,1-(1-C15/AA15)^1.8) -> 0.58463718 | AE15: =IF(EXACT($A$11,$S15),$R15,0) -> #VALUE! | AF15: =IF(ISERR(AE15),0,AE15) -> 0 | AG15: =IF(EXACT($A$13,$S15),$R15,0) -> #VALUE! | AH15: =IF(ISERR(AG15),0,AG15) -> 0 | AI15: =IF(EXACT($A$15,$S15),$R15,0) -> #VALUE! | AJ15: =IF(ISERR(AI15),0,AI15) -> 0 | AK15: =IF(EXACT(#REF!,$S15),$R15,0) -> #REF! | AL15: =IF(ISERR(AK15),0,AK15) -> 0 | AM15: =IF(EXACT($A$17,$S15),$R15,0) -> #VALUE! | AN15: =IF(ISERR(AM15),0,AM15) -> 0 | AO15: =IF(EXACT($A$18,$S15),$R15,0) -> #VALUE! | AP15: =IF(ISERR(AO15),0,AO15) -> 0 | AQ15: =IF(EXACT($A$20,$S15),$R15,0) -> #VALUE! | AR15: =IF(ISERR(AQ15),0,AQ15) -> 0 | AS15: =IF(EXACT($A$21,$S15),$R15,0) -> #VALUE! | AT15: =IF(ISERR(AS15),0,AS15) -> 0 | AU15: =IF(EXACT($A$22,$S15),$R15,0) -> #VALUE! | AV15: =IF(ISERR(AU15),0,AU15) -> 0 | AW15: =IF(EXACT($A$23,$S15),$R15,0) -> #VALUE! | AX15: =IF(ISERR(AW15),0,AW15) -> 0 | AY15: =IF(EXACT($A$24,$S15),$R15,0) -> #VALUE! | AZ15: =IF(ISERR(AY15),0,AY15) -> 0 | BA15: =IF(EXACT($A$25,$S15),$R15,0) -> #VALUE! | BB15: =IF(ISERR(BA15),0,BA15) -> 0 | BC15: =IF(EXACT($A$26,$S15),$R15,0) -> #VALUE! | BD15: =IF(ISERR(BC15),0,BC15) -> 0 | BE15: =IF(EXACT($A$27,$S15),$R15,0) -> #VALUE! | BF15: =IF(ISERR(BE15),0,BE15) -> 0 | BG15: =IF(EXACT($A$33,$S15),$R15,0) -> #VALUE! | BH15: =IF(ISERR(BG15),0,BG15) -> 0 | BI15: =IF(EXACT($A$34,$S15),$R15,0) -> #VALUE! | BJ15: =IF(ISERR(BI15),0,BI15) -> 0 | BK15: =IF(EXACT($A$35,$S15),$R15,0) -> #VALUE! | BL15: =IF(ISERR(BK15),0,BK15) -> 0 | BM15: =IF(EXACT($A$36,$S15),$R15,0) -> #VALUE! | BN15: =IF(ISERR(BM15),0,BM15) -> 0 | BO15: =IF(EXACT($A$37,$S15),$R15,0) -> #VALUE! | BP15: =IF(ISERR(BO15),0,BO15) -> 0 | BQ15: =IF(EXACT($A$38,$S15),$R15,0) -> #VALUE! | BR15: =IF(ISERR(BQ15),0,BQ15) -> 0
A16: ='Rationals-MCDOT'!S35 -> I-4 | C16: 5 | D16: ='Rationals-MCDOT'!U50/43560 -> 0.077119835 | E16: ='Rationals-MCDOT'!U52 -> 0.86977549 | F16: =IF(AND(D16=0,E16=0)," ",+D16*E16) -> 0.067076942 | G16: 0 | H16: =IF(AND(D16=0,E16=0)," ",+F16+G16) -> 0.067076942 | I16: ='Rationals-MCDOT'!S58 -> 5 | J16: ='Rationals-MCDOT'!V58 -> 6.68 | K16: =IF(AND(D16=0,E16=0)," ",+H16*J16) -> 0.44807397 | L16: 0.027 | M16: SUMP | N16: FLOWMASTER | O16: 8 | P16: 3.3 | Q16: 100 | R16: =IF(AND(D16=0,E16=0)," ",+H16*(1-(Q16/100))) -> 0 | U16: =L16+0.25*(1-(1-$N$6/P16)^2.67) -> 0.2139431 | V16: =($N$4+L16*$N$6)/$N$6 -> 0.089631579 | W16: =($N$4/($N$4+$N$6*L16))*(0.56/$N$5*V16^1.667*M16^0.5*$N$6^2.667)/K16 -> 0 | X16: =L16+($N$4/$N$6)*W16 -> 0.027 | Y16: =IF(C16>=15,0.54*K16^0.42*M16^0.3*(1/($N$5*X16))^0.6,Z16) -> 0 | Z16: =0.58*K16^0.42*M16^0.3*(1/($N$5*X16))^0.6 -> 0 | AA16: =IF($N$4=0,0.6*K16^0.42*M16^0.3*(1/($N$5*X16))^0.6,Y16) -> 0 | AB16: =IF(C16>AA16,1,1-(1-C16/AA16)^1.8) -> 1
A17: ='Rationals-MCDOT'!B65 -> I-5 | C17: 5 | D17: ='Rationals-MCDOT'!D80/43560 -> 0.66559114 | E17: ='Rationals-MCDOT'!D82 -> 0.65418525 | F17: =IF(AND(D17=0,E17=0)," ",+D17*E17) -> 0.4354199 | G17: =R15 -> 0 | H17: =IF(AND(D17=0,E17=0)," ",+F17+G17) -> 0.4354199 | I17: ='Rationals-MCDOT'!B88 -> 7 | J17: ='Rationals-MCDOT'!E88 -> 6.15 | K17: =IF(AND(D17=0,E17=0)," ",+H17*J17) -> 2.6778324 | L17: 0.054 | M17: SUMP | N17: FLOWMASTER | O17: 8 | P17: 6.5 | Q17: 100 | R17: =IF(AND(D17=0,E17=0)," ",+H17*(1-(Q17/100))) -> 0 | U17: =L17+0.25*(1-(1-$N$6/P17)^2.67) -> 0.16833085 | V17: =($N$4+L17*$N$6)/$N$6 -> 0.11663158 | W17: =($N$4/($N$4+$N$6*L17))*(0.56/$N$5*V17^1.667*M17^0.5*$N$6^2.667)/K17 -> 0 | X17: =L17+($N$4/$N$6)*W17 -> 0.054 | Y17: =IF(C17>=15,0.54*K17^0.42*M17^0.3*(1/($N$5*X17))^0.6,Z17) -> 0 | Z17: =0.58*K17^0.42*M17^0.3*(1/($N$5*X17))^0.6 -> 0 | AA17: =IF($N$4=0,0.6*K17^0.42*M17^0.3*(1/($N$5*X17))^0.6,Y17) -> 0 | AB17: =IF(C17>AA17,1,1-(1-C17/AA17)^1.8) -> 1 | AE17: =IF(EXACT($A$11,$S17),$R17,0) -> #VALUE! | AF17: =IF(ISERR(AE17),0,AE17) -> 0 | AG17: =IF(EXACT($A$13,$S17),$R17,0) -> #VALUE! | AH17: =IF(ISERR(AG17),0,AG17) -> 0 | AI17: =IF(EXACT($A$15,$S17),$R17,0) -> #VALUE! | AJ17: =IF(ISERR(AI17),0,AI17) -> 0 | AK17: =IF(EXACT(#REF!,$S17),$R17,0) -> #REF! | AL17: =IF(ISERR(AK17),0,AK17) -> 0 | AM17: =IF(EXACT($A$17,$S17),$R17,0) -> #VALUE! | AN17: =IF(ISERR(AM17),0,AM17) -> 0 | AO17: =IF(EXACT($A$18,$S17),$R17,0) -> #VALUE! | AP17: =IF(ISERR(AO17),0,AO17) -> 0 | AQ17: =IF(EXACT($A$20,$S17),$R17,0) -> #VALUE! | AR17: =IF(ISERR(AQ17),0,AQ17) -> 0 | AS17: =IF(EXACT($A$21,$S17),$R17,0) -> #VALUE! | AT17: =IF(ISERR(AS17),0,AS17) -> 0 | AU17: =IF(EXACT($A$22,$S17),$R17,0) -> #VALUE! | AV17: =IF(ISERR(AU17),0,AU17) -> 0 | AW17: =IF(EXACT($A$23,$S17),$R17,0) -> #VALUE! | AX17: =IF(ISERR(AW17),0,AW17) -> 0 | AY17: =IF(EXACT($A$24,$S17),$R17,0) -> #VALUE! | AZ17: =IF(ISERR(AY17),0,AY17) -> 0 | BA17: =IF(EXACT($A$25,$S17),$R17,0) -> #VALUE! | BB17: =IF(ISERR(BA17),0,BA17) -> 0 | BC17: =IF(EXACT($A$26,$S17),$R17,0) -> #VALUE! | BD17: =IF(ISERR(BC17),0,BC17) -> 0 | BE17: =IF(EXACT($A$27,$S17),$R17,0) -> #VALUE! | BF17: =IF(ISERR(BE17),0,BE17) -> 0 | BG17: =IF(EXACT($A$33,$S17),$R17,0) -> #VALUE! | BH17: =IF(ISERR(BG17),0,BG17) -> 0 | BI17: =IF(EXACT($A$34,$S17),$R17,0) -> #VALUE! | BJ17: =IF(ISERR(BI17),0,BI17) -> 0 | BK17: =IF(EXACT($A$35,$S17),$R17,0) -> #VALUE! | BL17: =IF(ISERR(BK17),0,BK17) -> 0 | BM17: =IF(EXACT($A$36,$S17),$R17,0) -> #VALUE! | BN17: =IF(ISERR(BM17),0,BM17) -> 0 | BO17: =IF(EXACT($A$37,$S17),$R17,0) -> #VALUE! | BP17: =IF(ISERR(BO17),0,BO17) -> 0 | BQ17: =IF(EXACT($A$38,$S17),$R17,0) -> #VALUE! | BR17: =IF(ISERR(BQ17),0,BQ17) -> 0
A18: ='Rationals-MCDOT'!K65 -> I-6 | C18: 5 | D18: ='Rationals-MCDOT'!M80/43560 -> 0.25763567 | E18: ='Rationals-MCDOT'!M82 -> 0.60817318 | F18: =IF(AND(D18=0,E18=0)," ",+D18*E18) -> 0.15668711 | G18: =R16 -> 0 | H18: =IF(AND(D18=0,E18=0)," ",+F18+G18) -> 0.15668711 | I18: ='Rationals-MCDOT'!K88 -> 10 | J18: ='Rationals-MCDOT'!N88 -> 5.34 | K18: =IF(AND(D18=0,E18=0)," ",+H18*J18) -> 0.83670915 | L18: 0.026 | M18: 0.007 | N18: FLOWMASTER | O18: 8 | P18: 5.2 | Q18: 93.59 | R18: =IF(AND(D18=0,E18=0)," ",+H18*(1-(Q18/100))) -> 0.010043644 | S18: I-5 | U18: =L18+0.25*(1-(1-$N$6/P18)^2.67) -> 0.1623945 | V18: =($N$4+L18*$N$6)/$N$6 -> 0.088631579 | W18: =($N$4/($N$4+$N$6*L18))*(0.56/$N$5*V18^1.667*M18^0.5*$N$6^2.667)/K18 -> 0.11464797 | X18: =L18+($N$4/$N$6)*W18 -> 0.033180584 | Y18: =IF(C18>=15,0.54*K18^0.42*M18^0.3*(1/($N$5*X18))^0.6,Z18) -> 12.692357 | Z18: =0.58*K18^0.42*M18^0.3*(1/($N$5*X18))^0.6 -> 12.692357 | AA18: =IF($N$4=0,0.6*K18^0.42*M18^0.3*(1/($N$5*X18))^0.6,Y18) -> 12.692357 | AB18: =IF(C18>AA18,1,1-(1-C18/AA18)^1.8) -> 0.59399547 | AE18: =IF(EXACT($A$11,$S18),$R18,0) -> 0 | AF18: =IF(ISERR(AE18),0,AE18) -> 0 | AG18: =IF(EXACT($A$13,$S18),$R18,0) -> 0 | AH18: =IF(ISERR(AG18),0,AG18) -> 0 | AI18: =IF(EXACT($A$15,$S18),$R18,0) -> 0 | AJ18: =IF(ISERR(AI18),0,AI18) -> 0 | AK18: =IF(EXACT(#REF!,$S18),$R18,0) -> #REF! | AL18: =IF(ISERR(AK18),0,AK18) -> 0 | AM18: =IF(EXACT($A$17,$S18),$R18,0) -> 0.010043644 | AN18: =IF(ISERR(AM18),0,AM18) -> 0.010043644 | AO18: =IF(EXACT($A$18,$S18),$R18,0) -> 0 | AP18: =IF(ISERR(AO18),0,AO18) -> 0 | AQ18: =IF(EXACT($A$20,$S18),$R18,0) -> #VALUE! | AR18: =IF(ISERR(AQ18),0,AQ18) -> 0 | AS18: =IF(EXACT($A$21,$S18),$R18,0) -> #VALUE! | AT18: =IF(ISERR(AS18),0,AS18) -> 0 | AU18: =IF(EXACT($A$22,$S18),$R18,0) -> #VALUE! | AV18: =IF(ISERR(AU18),0,AU18) -> 0 | AW18: =IF(EXACT($A$23,$S18),$R18,0) -> #VALUE! | AX18: =IF(ISERR(AW18),0,AW18) -> 0 | AY18: =IF(EXACT($A$24,$S18),$R18,0) -> #VALUE! | AZ18: =IF(ISERR(AY18),0,AY18) -> 0 | BA18: =IF(EXACT($A$25,$S18),$R18,0) -> #VALUE! | BB18: =IF(ISERR(BA18),0,BA18) -> 0 | BC18: =IF(EXACT($A$26,$S18),$R18,0) -> #VALUE! | BD18: =IF(ISERR(BC18),0,BC18) -> 0 | BE18: =IF(EXACT($A$27,$S18),$R18,0) -> #VALUE! | BF18: =IF(ISERR(BE18),0,BE18) -> 0 | BG18: =IF(EXACT($A$33,$S18),$R18,0) -> #VALUE! | BH18: =IF(ISERR(BG18),0,BG18) -> 0 | BI18: =IF(EXACT($A$34,$S18),$R18,0) -> #VALUE! | BJ18: =IF(ISERR(BI18),0,BI18) -> 0 | BK18: =IF(EXACT($A$35,$S18),$R18,0) -> #VALUE! | BL18: =IF(ISERR(BK18),0,BK18) -> 0 | BM18: =IF(EXACT($A$36,$S18),$R18,0) -> #VALUE! | BN18: =IF(ISERR(BM18),0,BM18) -> 0 | BO18: =IF(EXACT($A$37,$S18),$R18,0) -> #VALUE! | BP18: =IF(ISERR(BO18),0,BO18) -> 0 | BQ18: =IF(EXACT($A$38,$S18),$R18,0) -> #VALUE! | BR18: =IF(ISERR(BQ18),0,BQ18) -> 0
A19: ='Rationals-MCDOT'!T65 -> I-7 | C19: 15 | D19: ='Rationals-MCDOT'!V80/43560 -> 2.460362 | E19: ='Rationals-MCDOT'!V83 -> 0.57788517 | F19: =IF(AND(D19=0,E19=0)," ",+D19*E19) -> 1.4218067 | G19: 0 | H19: =IF(AND(D19=0,E19=0)," ",+F19+G19) -> 1.4218067 | I19: ='Rationals-MCDOT'!T88 -> 10 | J19: ='Rationals-MCDOT'!W88 -> 5.34 | K19: =IF(AND(D19=0,E19=0)," ",+H19*J19) -> 7.592448 | L19: 0.0291 | M19: 0.0162 | N19: FLOWMASTER | O19: 8 | P19: 10 | Q19: 79.56 | R19: =IF(AND(D19=0,E19=0)," ",+H19*(1-(Q19/100))) -> 0.2906173 | S19: EX-I-1 | U19: =L19+0.25*(1-(1-$N$6/P19)^2.67) -> 0.1083145 | V19: =($N$4+L19*$N$6)/$N$6 -> 0.091731579 | W19: =($N$4/($N$4+$N$6*L19))*(0.56/$N$5*V19^1.667*M19^0.5*$N$6^2.667)/K19 -> 0.019666457 | X19: =L19+($N$4/$N$6)*W19 -> 0.030331741 | Y19: =IF(C19>=15,0.54*K19^0.42*M19^0.3*(1/($N$5*X19))^0.6,Z19) -> 40.504587 | Z19: =0.58*K19^0.42*M19^0.3*(1/($N$5*X19))^0.6 -> 43.504927 | AA19: =IF($N$4=0,0.6*K19^0.42*M19^0.3*(1/($N$5*X19))^0.6,Y19) -> 40.504587 | AB19: =IF(C19>AA19,1,1-(1-C19/AA19)^1.8) -> 0.56508402
U20: =L20+0.25*(1-(1-$N$6/P20)^2.67) -> #DIV/0! | V20: =($N$4+L20*$N$6)/$N$6 -> 0.062631579 | W20: =($N$4/($N$4+$N$6*L20))*(0.56/$N$5*V20^1.667*M20^0.5*$N$6^2.667)/K20 -> #DIV/0! | X20: =L20+($N$4/$N$6)*W20 -> #DIV/0! | Y20: =IF(C20>=15,0.54*K20^0.42*M20^0.3*(1/($N$5*X20))^0.6,Z20) -> #DIV/0! | Z20: =0.58*K20^0.42*M20^0.3*(1/($N$5*X20))^0.6 -> #DIV/0! | AA20: =IF($N$4=0,0.6*K20^0.42*M20^0.3*(1/($N$5*X20))^0.6,Y20) -> #DIV/0! | AB20: =IF(C20>AA20,1,1-(1-C20/AA20)^1.8) -> #DIV/0! | AE20: =IF(EXACT($A$11,$S20),$R20,0) -> #VALUE! | AF20: =IF(ISERR(AE20),0,AE20) -> 0 | AG20: =IF(EXACT($A$13,$S20),$R20,0) -> #VALUE! | AH20: =IF(ISERR(AG20),0,AG20) -> 0 | AI20: =IF(EXACT($A$15,$S20),$R20,0) -> #VALUE! | AJ20: =IF(ISERR(AI20),0,AI20) -> 0 | AK20: =IF(EXACT(#REF!,$S20),$R20,0) -> #REF! | AL20: =IF(ISERR(AK20),0,AK20) -> 0 | AM20: =IF(EXACT($A$17,$S20),$R20,0) -> #VALUE! | AN20: =IF(ISERR(AM20),0,AM20) -> 0 | AO20: =IF(EXACT($A$18,$S20),$R20,0) -> #VALUE! | AP20: =IF(ISERR(AO20),0,AO20) -> 0 | AQ20: =IF(EXACT($A$20,$S20),$R20,0) -> #VALUE! | AR20: =IF(ISERR(AQ20),0,AQ20) -> 0 | AS20: =IF(EXACT($A$21,$S20),$R20,0) -> #VALUE! | AT20: =IF(ISERR(AS20),0,AS20) -> 0 | AU20: =IF(EXACT($A$22,$S20),$R20,0) -> #VALUE! | AV20: =IF(ISERR(AU20),0,AU20) -> 0 | AW20: =IF(EXACT($A$23,$S20),$R20,0) -> #VALUE! | AX20: =IF(ISERR(AW20),0,AW20) -> 0 | AY20: =IF(EXACT($A$24,$S20),$R20,0) -> #VALUE! | AZ20: =IF(ISERR(AY20),0,AY20) -> 0 | BA20: =IF(EXACT($A$25,$S20),$R20,0) -> #VALUE! | BB20: =IF(ISERR(BA20),0,BA20) -> 0 | BC20: =IF(EXACT($A$26,$S20),$R20,0) -> #VALUE! | BD20: =IF(ISERR(BC20),0,BC20) -> 0 | BE20: =IF(EXACT($A$27,$S20),$R20,0) -> #VALUE! | BF20: =IF(ISERR(BE20),0,BE20) -> 0 | BG20: =IF(EXACT($A$33,$S20),$R20,0) -> #VALUE! | BH20: =IF(ISERR(BG20),0,BG20) -> 0 | BI20: =IF(EXACT($A$34,$S20),$R20,0) -> #VALUE! | BJ20: =IF(ISERR(BI20),0,BI20) -> 0 | BK20: =IF(EXACT($A$35,$S20),$R20,0) -> #VALUE! | BL20: =IF(ISERR(BK20),0,BK20) -> 0 | BM20: =IF(EXACT($A$36,$S20),$R20,0) -> #VALUE! | BN20: =IF(ISERR(BM20),0,BM20) -> 0 | BO20: =IF(EXACT($A$37,$S20),$R20,0) -> #VALUE! | BP20: =IF(ISERR(BO20),0,BO20) -> 0 | BQ20: =IF(EXACT($A$38,$S20),$R20,0) -> #VALUE! | BR20: =IF(ISERR(BQ20),0,BQ20) -> 0
U21: =L21+0.25*(1-(1-$N$6/P21)^2.67) -> #DIV/0! | V21: =($N$4+L21*$N$6)/$N$6 -> 0.062631579 | W21: =($N$4/($N$4+$N$6*L21))*(0.56/$N$5*V21^1.667*M21^0.5*$N$6^2.667)/K21 -> #DIV/0! | X21: =L21+($N$4/$N$6)*W21 -> #DIV/0! | Y21: =IF(C21>=15,0.54*K21^0.42*M21^0.3*(1/($N$5*X21))^0.6,Z21) -> #DIV/0! | Z21: =0.58*K21^0.42*M21^0.3*(1/($N$5*X21))^0.6 -> #DIV/0! | AA21: =IF($N$4=0,0.6*K21^0.42*M21^0.3*(1/($N$5*X21))^0.6,Y21) -> #DIV/0! | AB21: =IF(C21>AA21,1,1-(1-C21/AA21)^1.8) -> #DIV/0! | AE21: =IF(EXACT($A$11,$S21),$R21,0) -> #VALUE! | AF21: =IF(ISERR(AE21),0,AE21) -> 0 | AG21: =IF(EXACT($A$13,$S21),$R21,0) -> #VALUE! | AH21: =IF(ISERR(AG21),0,AG21) -> 0 | AI21: =IF(EXACT($A$15,$S21),$R21,0) -> #VALUE! | AJ21: =IF(ISERR(AI21),0,AI21) -> 0 | AK21: =IF(EXACT(#REF!,$S21),$R21,0) -> #REF! | AL21: =IF(ISERR(AK21),0,AK21) -> 0 | AM21: =IF(EXACT($A$17,$S21),$R21,0) -> #VALUE! | AN21: =IF(ISERR(AM21),0,AM21) -> 0 | AO21: =IF(EXACT($A$18,$S21),$R21,0) -> #VALUE! | AP21: =IF(ISERR(AO21),0,AO21) -> 0 | AQ21: =IF(EXACT($A$20,$S21),$R21,0) -> #VALUE! | AR21: =IF(ISERR(AQ21),0,AQ21) -> 0 | AS21: =IF(EXACT($A$21,$S21),$R21,0) -> #VALUE! | AT21: =IF(ISERR(AS21),0,AS21) -> 0 | AU21: =IF(EXACT($A$22,$S21),$R21,0) -> #VALUE! | AV21: =IF(ISERR(AU21),0,AU21) -> 0 | AW21: =IF(EXACT($A$23,$S21),$R21,0) -> #VALUE! | AX21: =IF(ISERR(AW21),0,AW21) -> 0 | AY21: =IF(EXACT($A$24,$S21),$R21,0) -> #VALUE! | AZ21: =IF(ISERR(AY21),0,AY21) -> 0 | BA21: =IF(EXACT($A$25,$S21),$R21,0) -> #VALUE! | BB21: =IF(ISERR(BA21),0,BA21) -> 0 | BC21: =IF(EXACT($A$26,$S21),$R21,0) -> #VALUE! | BD21: =IF(ISERR(BC21),0,BC21) -> 0 | BE21: =IF(EXACT($A$27,$S21),$R21,0) -> #VALUE! | BF21: =IF(ISERR(BE21),0,BE21) -> 0 | BG21: =IF(EXACT($A$33,$S21),$R21,0) -> #VALUE! | BH21: =IF(ISERR(BG21),0,BG21) -> 0 | BI21: =IF(EXACT($A$34,$S21),$R21,0) -> #VALUE! | BJ21: =IF(ISERR(BI21),0,BI21) -> 0 | BK21: =IF(EXACT($A$35,$S21),$R21,0) -> #VALUE! | BL21: =IF(ISERR(BK21),0,BK21) -> 0 | BM21: =IF(EXACT($A$36,$S21),$R21,0) -> #VALUE! | BN21: =IF(ISERR(BM21),0,BM21) -> 0 | BO21: =IF(EXACT($A$37,$S21),$R21,0) -> #VALUE! | BP21: =IF(ISERR(BO21),0,BO21) -> 0 | BQ21: =IF(EXACT($A$38,$S21),$R21,0) -> #VALUE! | BR21: =IF(ISERR(BQ21),0,BQ21) -> 0
U22: =L22+0.25*(1-(1-$N$6/P22)^2.67) -> #DIV/0! | V22: =($N$4+L22*$N$6)/$N$6 -> 0.062631579 | W22: =($N$4/($N$4+$N$6*L22))*(0.56/$N$5*V22^1.667*M22^0.5*$N$6^2.667)/K22 -> #DIV/0! | X22: =L22+($N$4/$N$6)*W22 -> #DIV/0! | Y22: =IF(C22>=15,0.54*K22^0.42*M22^0.3*(1/($N$5*X22))^0.6,Z22) -> #DIV/0! | Z22: =0.58*K22^0.42*M22^0.3*(1/($N$5*X22))^0.6 -> #DIV/0! | AA22: =IF($N$4=0,0.6*K22^0.42*M22^0.3*(1/($N$5*X22))^0.6,Y22) -> #DIV/0! | AB22: =IF(C22>AA22,1,1-(1-C22/AA22)^1.8) -> #DIV/0! | AE22: =IF(EXACT($A$11,$S22),$R22,0) -> #VALUE! | AF22: =IF(ISERR(AE22),0,AE22) -> 0 | AG22: =IF(EXACT($A$13,$S22),$R22,0) -> #VALUE! | AH22: =IF(ISERR(AG22),0,AG22) -> 0 | AI22: =IF(EXACT($A$15,$S22),$R22,0) -> #VALUE! | AJ22: =IF(ISERR(AI22),0,AI22) -> 0 | AK22: =IF(EXACT(#REF!,$S22),$R22,0) -> #REF! | AL22: =IF(ISERR(AK22),0,AK22) -> 0 | AM22: =IF(EXACT($A$17,$S22),$R22,0) -> #VALUE! | AN22: =IF(ISERR(AM22),0,AM22) -> 0 | AO22: =IF(EXACT($A$18,$S22),$R22,0) -> #VALUE! | AP22: =IF(ISERR(AO22),0,AO22) -> 0 | AQ22: =IF(EXACT($A$20,$S22),$R22,0) -> #VALUE! | AR22: =IF(ISERR(AQ22),0,AQ22) -> 0 | AS22: =IF(EXACT($A$21,$S22),$R22,0) -> #VALUE! | AT22: =IF(ISERR(AS22),0,AS22) -> 0 | AU22: =IF(EXACT($A$22,$S22),$R22,0) -> #VALUE! | AV22: =IF(ISERR(AU22),0,AU22) -> 0 | AW22: =IF(EXACT($A$23,$S22),$R22,0) -> #VALUE! | AX22: =IF(ISERR(AW22),0,AW22) -> 0 | AY22: =IF(EXACT($A$24,$S22),$R22,0) -> #VALUE! | AZ22: =IF(ISERR(AY22),0,AY22) -> 0 | BA22: =IF(EXACT($A$25,$S22),$R22,0) -> #VALUE! | BB22: =IF(ISERR(BA22),0,BA22) -> 0 | BC22: =IF(EXACT($A$26,$S22),$R22,0) -> #VALUE! | BD22: =IF(ISERR(BC22),0,BC22) -> 0 | BE22: =IF(EXACT($A$27,$S22),$R22,0) -> #VALUE! | BF22: =IF(ISERR(BE22),0,BE22) -> 0 | BG22: =IF(EXACT($A$33,$S22),$R22,0) -> #VALUE! | BH22: =IF(ISERR(BG22),0,BG22) -> 0 | BI22: =IF(EXACT($A$34,$S22),$R22,0) -> #VALUE! | BJ22: =IF(ISERR(BI22),0,BI22) -> 0 | BK22: =IF(EXACT($A$35,$S22),$R22,0) -> #VALUE! | BL22: =IF(ISERR(BK22),0,BK22) -> 0 | BM22: =IF(EXACT($A$36,$S22),$R22,0) -> #VALUE! | BN22: =IF(ISERR(BM22),0,BM22) -> 0 | BO22: =IF(EXACT($A$37,$S22),$R22,0) -> #VALUE! | BP22: =IF(ISERR(BO22),0,BO22) -> 0 | BQ22: =IF(EXACT($A$38,$S22),$R22,0) -> #VALUE! | BR22: =IF(ISERR(BQ22),0,BQ22) -> 0
U23: =L23+0.25*(1-(1-$N$6/P23)^2.67) -> #DIV/0! | V23: =($N$4+L23*$N$6)/$N$6 -> 0.062631579 | W23: =($N$4/($N$4+$N$6*L23))*(0.56/$N$5*V23^1.667*M23^0.5*$N$6^2.667)/K23 -> #DIV/0! | X23: =L23+($N$4/$N$6)*W23 -> #DIV/0! | Y23: =IF(C23>=15,0.54*K23^0.42*M23^0.3*(1/($N$5*X23))^0.6,Z23) -> #DIV/0! | Z23: =0.58*K23^0.42*M23^0.3*(1/($N$5*X23))^0.6 -> #DIV/0! | AA23: =IF($N$4=0,0.6*K23^0.42*M23^0.3*(1/($N$5*X23))^0.6,Y23) -> #DIV/0! | AB23: =IF(C23>AA23,1,1-(1-C23/AA23)^1.8) -> #DIV/0! | AE23: =IF(EXACT($A$11,$S23),$R23,0) -> #VALUE! | AF23: =IF(ISERR(AE23),0,AE23) -> 0 | AG23: =IF(EXACT($A$13,$S23),$R23,0) -> #VALUE! | AH23: =IF(ISERR(AG23),0,AG23) -> 0 | AI23: =IF(EXACT($A$15,$S23),$R23,0) -> #VALUE! | AJ23: =IF(ISERR(AI23),0,AI23) -> 0 | AK23: =IF(EXACT(#REF!,$S23),$R23,0) -> #REF! | AL23: =IF(ISERR(AK23),0,AK23) -> 0 | AM23: =IF(EXACT($A$17,$S23),$R23,0) -> #VALUE! | AN23: =IF(ISERR(AM23),0,AM23) -> 0 | AO23: =IF(EXACT($A$18,$S23),$R23,0) -> #VALUE! | AP23: =IF(ISERR(AO23),0,AO23) -> 0 | AQ23: =IF(EXACT($A$20,$S23),$R23,0) -> #VALUE! | AR23: =IF(ISERR(AQ23),0,AQ23) -> 0 | AS23: =IF(EXACT($A$21,$S23),$R23,0) -> #VALUE! | AT23: =IF(ISERR(AS23),0,AS23) -> 0 | AU23: =IF(EXACT($A$22,$S23),$R23,0) -> #VALUE! | AV23: =IF(ISERR(AU23),0,AU23) -> 0 | AW23: =IF(EXACT($A$23,$S23),$R23,0) -> #VALUE! | AX23: =IF(ISERR(AW23),0,AW23) -> 0 | AY23: =IF(EXACT($A$24,$S23),$R23,0) -> #VALUE! | AZ23: =IF(ISERR(AY23),0,AY23) -> 0 | BA23: =IF(EXACT($A$25,$S23),$R23,0) -> #VALUE! | BB23: =IF(ISERR(BA23),0,BA23) -> 0 | BC23: =IF(EXACT($A$26,$S23),$R23,0) -> #VALUE! | BD23: =IF(ISERR(BC23),0,BC23) -> 0 | BE23: =IF(EXACT($A$27,$S23),$R23,0) -> #VALUE! | BF23: =IF(ISERR(BE23),0,BE23) -> 0 | BG23: =IF(EXACT($A$33,$S23),$R23,0) -> #VALUE! | BH23: =IF(ISERR(BG23),0,BG23) -> 0 | BI23: =IF(EXACT($A$34,$S23),$R23,0) -> #VALUE! | BJ23: =IF(ISERR(BI23),0,BI23) -> 0 | BK23: =IF(EXACT($A$35,$S23),$R23,0) -> #VALUE! | BL23: =IF(ISERR(BK23),0,BK23) -> 0 | BM23: =IF(EXACT($A$36,$S23),$R23,0) -> #VALUE! | BN23: =IF(ISERR(BM23),0,BM23) -> 0 | BO23: =IF(EXACT($A$37,$S23),$R23,0) -> #VALUE! | BP23: =IF(ISERR(BO23),0,BO23) -> 0 | BQ23: =IF(EXACT($A$38,$S23),$R23,0) -> #VALUE! | BR23: =IF(ISERR(BQ23),0,BQ23) -> 0
U24: =L24+0.25*(1-(1-$N$6/P24)^2.67) -> #DIV/0! | V24: =($N$4+L24*$N$6)/$N$6 -> 0.062631579 | W24: =($N$4/($N$4+$N$6*L24))*(0.56/$N$5*V24^1.667*M24^0.5*$N$6^2.667)/K24 -> #DIV/0! | X24: =L24+($N$4/$N$6)*W24 -> #DIV/0! | Y24: =IF(C24>=15,0.54*K24^0.42*M24^0.3*(1/($N$5*X24))^0.6,Z24) -> #DIV/0! | Z24: =0.58*K24^0.42*M24^0.3*(1/($N$5*X24))^0.6 -> #DIV/0! | AA24: =IF($N$4=0,0.6*K24^0.42*M24^0.3*(1/($N$5*X24))^0.6,Y24) -> #DIV/0! | AB24: =IF(C24>AA24,1,1-(1-C24/AA24)^1.8) -> #DIV/0! | AE24: =IF(EXACT($A$11,$S24),$R24,0) -> #VALUE! | AF24: =IF(ISERR(AE24),0,AE24) -> 0 | AG24: =IF(EXACT($A$13,$S24),$R24,0) -> #VALUE! | AH24: =IF(ISERR(AG24),0,AG24) -> 0 | AI24: =IF(EXACT($A$15,$S24),$R24,0) -> #VALUE! | AJ24: =IF(ISERR(AI24),0,AI24) -> 0 | AK24: =IF(EXACT(#REF!,$S24),$R24,0) -> #REF! | AL24: =IF(ISERR(AK24),0,AK24) -> 0 | AM24: =IF(EXACT($A$17,$S24),$R24,0) -> #VALUE! | AN24: =IF(ISERR(AM24),0,AM24) -> 0 | AO24: =IF(EXACT($A$18,$S24),$R24,0) -> #VALUE! | AP24: =IF(ISERR(AO24),0,AO24) -> 0 | AQ24: =IF(EXACT($A$20,$S24),$R24,0) -> #VALUE! | AR24: =IF(ISERR(AQ24),0,AQ24) -> 0 | AS24: =IF(EXACT($A$21,$S24),$R24,0) -> #VALUE! | AT24: =IF(ISERR(AS24),0,AS24) -> 0 | AU24: =IF(EXACT($A$22,$S24),$R24,0) -> #VALUE! | AV24: =IF(ISERR(AU24),0,AU24) -> 0 | AW24: =IF(EXACT($A$23,$S24),$R24,0) -> #VALUE! | AX24: =IF(ISERR(AW24),0,AW24) -> 0 | AY24: =IF(EXACT($A$24,$S24),$R24,0) -> #VALUE! | AZ24: =IF(ISERR(AY24),0,AY24) -> 0 | BA24: =IF(EXACT($A$25,$S24),$R24,0) -> #VALUE! | BB24: =IF(ISERR(BA24),0,BA24) -> 0 | BC24: =IF(EXACT($A$26,$S24),$R24,0) -> #VALUE! | BD24: =IF(ISERR(BC24),0,BC24) -> 0 | BE24: =IF(EXACT($A$27,$S24),$R24,0) -> #VALUE! | BF24: =IF(ISERR(BE24),0,BE24) -> 0 | BG24: =IF(EXACT($A$33,$S24),$R24,0) -> #VALUE! | BH24: =IF(ISERR(BG24),0,BG24) -> 0 | BI24: =IF(EXACT($A$34,$S24),$R24,0) -> #VALUE! | BJ24: =IF(ISERR(BI24),0,BI24) -> 0 | BK24: =IF(EXACT($A$35,$S24),$R24,0) -> #VALUE! | BL24: =IF(ISERR(BK24),0,BK24) -> 0 | BM24: =IF(EXACT($A$36,$S24),$R24,0) -> #VALUE! | BN24: =IF(ISERR(BM24),0,BM24) -> 0 | BO24: =IF(EXACT($A$37,$S24),$R24,0) -> #VALUE! | BP24: =IF(ISERR(BO24),0,BO24) -> 0 | BQ24: =IF(EXACT($A$38,$S24),$R24,0) -> #VALUE! | BR24: =IF(ISERR(BQ24),0,BQ24) -> 0
U25: =L25+0.25*(1-(1-$N$6/P25)^2.67) -> #DIV/0! | V25: =($N$4+L25*$N$6)/$N$6 -> 0.062631579 | W25: =($N$4/($N$4+$N$6*L25))*(0.56/$N$5*V25^1.667*M25^0.5*$N$6^2.667)/K25 -> #DIV/0! | X25: =L25+($N$4/$N$6)*W25 -> #DIV/0! | Y25: =IF(C25>=15,0.54*K25^0.42*M25^0.3*(1/($N$5*X25))^0.6,Z25) -> #DIV/0! | Z25: =0.58*K25^0.42*M25^0.3*(1/($N$5*X25))^0.6 -> #DIV/0! | AA25: =IF($N$4=0,0.6*K25^0.42*M25^0.3*(1/($N$5*X25))^0.6,Y25) -> #DIV/0! | AB25: =IF(C25>AA25,1,1-(1-C25/AA25)^1.8) -> #DIV/0! | AE25: =IF(EXACT($A$11,$S25),$R25,0) -> #VALUE! | AF25: =IF(ISERR(AE25),0,AE25) -> 0 | AG25: =IF(EXACT($A$13,$S25),$R25,0) -> #VALUE! | AH25: =IF(ISERR(AG25),0,AG25) -> 0 | AI25: =IF(EXACT($A$15,$S25),$R25,0) -> #VALUE! | AJ25: =IF(ISERR(AI25),0,AI25) -> 0 | AK25: =IF(EXACT(#REF!,$S25),$R25,0) -> #REF! | AL25: =IF(ISERR(AK25),0,AK25) -> 0 | AM25: =IF(EXACT($A$17,$S25),$R25,0) -> #VALUE! | AN25: =IF(ISERR(AM25),0,AM25) -> 0 | AO25: =IF(EXACT($A$18,$S25),$R25,0) -> #VALUE! | AP25: =IF(ISERR(AO25),0,AO25) -> 0 | AQ25: =IF(EXACT($A$20,$S25),$R25,0) -> #VALUE! | AR25: =IF(ISERR(AQ25),0,AQ25) -> 0 | AS25: =IF(EXACT($A$21,$S25),$R25,0) -> #VALUE! | AT25: =IF(ISERR(AS25),0,AS25) -> 0 | AU25: =IF(EXACT($A$22,$S25),$R25,0) -> #VALUE! | AV25: =IF(ISERR(AU25),0,AU25) -> 0 | AW25: =IF(EXACT($A$23,$S25),$R25,0) -> #VALUE! | AX25: =IF(ISERR(AW25),0,AW25) -> 0 | AY25: =IF(EXACT($A$24,$S25),$R25,0) -> #VALUE! | AZ25: =IF(ISERR(AY25),0,AY25) -> 0 | BA25: =IF(EXACT($A$25,$S25),$R25,0) -> #VALUE! | BB25: =IF(ISERR(BA25),0,BA25) -> 0 | BC25: =IF(EXACT($A$26,$S25),$R25,0) -> #VALUE! | BD25: =IF(ISERR(BC25),0,BC25) -> 0 | BE25: =IF(EXACT($A$27,$S25),$R25,0) -> #VALUE! | BF25: =IF(ISERR(BE25),0,BE25) -> 0 | BG25: =IF(EXACT($A$33,$S25),$R25,0) -> #VALUE! | BH25: =IF(ISERR(BG25),0,BG25) -> 0 | BI25: =IF(EXACT($A$34,$S25),$R25,0) -> #VALUE! | BJ25: =IF(ISERR(BI25),0,BI25) -> 0 | BK25: =IF(EXACT($A$35,$S25),$R25,0) -> #VALUE! | BL25: =IF(ISERR(BK25),0,BK25) -> 0 | BM25: =IF(EXACT($A$36,$S25),$R25,0) -> #VALUE! | BN25: =IF(ISERR(BM25),0,BM25) -> 0 | BO25: =IF(EXACT($A$37,$S25),$R25,0) -> #VALUE! | BP25: =IF(ISERR(BO25),0,BO25) -> 0 | BQ25: =IF(EXACT($A$38,$S25),$R25,0) -> #VALUE! | BR25: =IF(ISERR(BQ25),0,BQ25) -> 0
U26: =L26+0.25*(1-(1-$N$6/P26)^2.67) -> #DIV/0! | V26: =($N$4+L26*$N$6)/$N$6 -> 0.062631579 | W26: =($N$4/($N$4+$N$6*L26))*(0.56/$N$5*V26^1.667*M26^0.5*$N$6^2.667)/K26 -> #DIV/0! | X26: =L26+($N$4/$N$6)*W26 -> #DIV/0! | Y26: =IF(C26>=15,0.54*K26^0.42*M26^0.3*(1/($N$5*X26))^0.6,Z26) -> #DIV/0! | Z26: =0.58*K26^0.42*M26^0.3*(1/($N$5*X26))^0.6 -> #DIV/0! | AA26: =IF($N$4=0,0.6*K26^0.42*M26^0.3*(1/($N$5*X26))^0.6,Y26) -> #DIV/0! | AB26: =IF(C26>AA26,1,1-(1-C26/AA26)^1.8) -> #DIV/0! | AE26: =IF(EXACT($A$11,$S26),$R26,0) -> #VALUE! | AF26: =IF(ISERR(AE26),0,AE26) -> 0 | AG26: =IF(EXACT($A$13,$S26),$R26,0) -> #VALUE! | AH26: =IF(ISERR(AG26),0,AG26) -> 0 | AI26: =IF(EXACT($A$15,$S26),$R26,0) -> #VALUE! | AJ26: =IF(ISERR(AI26),0,AI26) -> 0 | AK26: =IF(EXACT(#REF!,$S26),$R26,0) -> #REF! | AL26: =IF(ISERR(AK26),0,AK26) -> 0 | AM26: =IF(EXACT($A$17,$S26),$R26,0) -> #VALUE! | AN26: =IF(ISERR(AM26),0,AM26) -> 0 | AO26: =IF(EXACT($A$18,$S26),$R26,0) -> #VALUE! | AP26: =IF(ISERR(AO26),0,AO26) -> 0 | AQ26: =IF(EXACT($A$20,$S26),$R26,0) -> #VALUE! | AR26: =IF(ISERR(AQ26),0,AQ26) -> 0 | AS26: =IF(EXACT($A$21,$S26),$R26,0) -> #VALUE! | AT26: =IF(ISERR(AS26),0,AS26) -> 0 | AU26: =IF(EXACT($A$22,$S26),$R26,0) -> #VALUE! | AV26: =IF(ISERR(AU26),0,AU26) -> 0 | AW26: =IF(EXACT($A$23,$S26),$R26,0) -> #VALUE! | AX26: =IF(ISERR(AW26),0,AW26) -> 0 | AY26: =IF(EXACT($A$24,$S26),$R26,0) -> #VALUE! | AZ26: =IF(ISERR(AY26),0,AY26) -> 0 | BA26: =IF(EXACT($A$25,$S26),$R26,0) -> #VALUE! | BB26: =IF(ISERR(BA26),0,BA26) -> 0 | BC26: =IF(EXACT($A$26,$S26),$R26,0) -> #VALUE! | BD26: =IF(ISERR(BC26),0,BC26) -> 0 | BE26: =IF(EXACT($A$27,$S26),$R26,0) -> #VALUE! | BF26: =IF(ISERR(BE26),0,BE26) -> 0 | BG26: =IF(EXACT($A$33,$S26),$R26,0) -> #VALUE! | BH26: =IF(ISERR(BG26),0,BG26) -> 0 | BI26: =IF(EXACT($A$34,$S26),$R26,0) -> #VALUE! | BJ26: =IF(ISERR(BI26),0,BI26) -> 0 | BK26: =IF(EXACT($A$35,$S26),$R26,0) -> #VALUE! | BL26: =IF(ISERR(BK26),0,BK26) -> 0 | BM26: =IF(EXACT($A$36,$S26),$R26,0) -> #VALUE! | BN26: =IF(ISERR(BM26),0,BM26) -> 0 | BO26: =IF(EXACT($A$37,$S26),$R26,0) -> #VALUE! | BP26: =IF(ISERR(BO26),0,BO26) -> 0 | BQ26: =IF(EXACT($A$38,$S26),$R26,0) -> #VALUE! | BR26: =IF(ISERR(BQ26),0,BQ26) -> 0
U27: =L27+0.25*(1-(1-$N$6/P27)^2.67) -> #DIV/0! | V27: =($N$4+L27*$N$6)/$N$6 -> 0.062631579 | W27: =($N$4/($N$4+$N$6*L27))*(0.56/$N$5*V27^1.667*M27^0.5*$N$6^2.667)/K27 -> #DIV/0! | X27: =L27+($N$4/$N$6)*W27 -> #DIV/0! | Y27: =IF(C27>=15,0.54*K27^0.42*M27^0.3*(1/($N$5*X27))^0.6,Z27) -> #DIV/0! | Z27: =0.58*K27^0.42*M27^0.3*(1/($N$5*X27))^0.6 -> #DIV/0! | AA27: =IF($N$4=0,0.6*K27^0.42*M27^0.3*(1/($N$5*X27))^0.6,Y27) -> #DIV/0! | AB27: =IF(C27>AA27,1,1-(1-C27/AA27)^1.8) -> #DIV/0! | AE27: =IF(EXACT($A$11,$S27),$R27,0) -> #VALUE! | AF27: =IF(ISERR(AE27),0,AE27) -> 0 | AG27: =IF(EXACT($A$13,$S27),$R27,0) -> #VALUE! | AH27: =IF(ISERR(AG27),0,AG27) -> 0 | AI27: =IF(EXACT($A$15,$S27),$R27,0) -> #VALUE! | AJ27: =IF(ISERR(AI27),0,AI27) -> 0 | AK27: =IF(EXACT(#REF!,$S27),$R27,0) -> #REF! | AL27: =IF(ISERR(AK27),0,AK27) -> 0 | AM27: =IF(EXACT($A$17,$S27),$R27,0) -> #VALUE! | AN27: =IF(ISERR(AM27),0,AM27) -> 0 | AO27: =IF(EXACT($A$18,$S27),$R27,0) -> #VALUE! | AP27: =IF(ISERR(AO27),0,AO27) -> 0 | AQ27: =IF(EXACT($A$20,$S27),$R27,0) -> #VALUE! | AR27: =IF(ISERR(AQ27),0,AQ27) -> 0 | AS27: =IF(EXACT($A$21,$S27),$R27,0) -> #VALUE! | AT27: =IF(ISERR(AS27),0,AS27) -> 0 | AU27: =IF(EXACT($A$22,$S27),$R27,0) -> #VALUE! | AV27: =IF(ISERR(AU27),0,AU27) -> 0 | AW27: =IF(EXACT($A$23,$S27),$R27,0) -> #VALUE! | AX27: =IF(ISERR(AW27),0,AW27) -> 0 | AY27: =IF(EXACT($A$24,$S27),$R27,0) -> #VALUE! | AZ27: =IF(ISERR(AY27),0,AY27) -> 0 | BA27: =IF(EXACT($A$25,$S27),$R27,0) -> #VALUE! | BB27: =IF(ISERR(BA27),0,BA27) -> 0 | BC27: =IF(EXACT($A$26,$S27),$R27,0) -> #VALUE! | BD27: =IF(ISERR(BC27),0,BC27) -> 0 | BE27: =IF(EXACT($A$27,$S27),$R27,0) -> #VALUE! | BF27: =IF(ISERR(BE27),0,BE27) -> 0 | BG27: =IF(EXACT($A$33,$S27),$R27,0) -> #VALUE! | BH27: =IF(ISERR(BG27),0,BG27) -> 0 | BI27: =IF(EXACT($A$34,$S27),$R27,0) -> #VALUE! | BJ27: =IF(ISERR(BI27),0,BI27) -> 0 | BK27: =IF(EXACT($A$35,$S27),$R27,0) -> #VALUE! | BL27: =IF(ISERR(BK27),0,BK27) -> 0 | BM27: =IF(EXACT($A$36,$S27),$R27,0) -> #VALUE! | BN27: =IF(ISERR(BM27),0,BM27) -> 0 | BO27: =IF(EXACT($A$37,$S27),$R27,0) -> #VALUE! | BP27: =IF(ISERR(BO27),0,BO27) -> 0 | BQ27: =IF(EXACT($A$38,$S27),$R27,0) -> #VALUE! | BR27: =IF(ISERR(BQ27),0,BQ27) -> 0
U28: =L28+0.25*(1-(1-$N$6/P28)^2.67) -> #DIV/0! | V28: =($N$4+L28*$N$6)/$N$6 -> 0.062631579 | W28: =($N$4/($N$4+$N$6*L28))*(0.56/$N$5*V28^1.667*M28^0.5*$N$6^2.667)/K28 -> #DIV/0! | X28: =L28+($N$4/$N$6)*W28 -> #DIV/0! | Y28: =IF(C28>=15,0.54*K28^0.42*M28^0.3*(1/($N$5*X28))^0.6,Z28) -> #DIV/0! | Z28: =0.58*K28^0.42*M28^0.3*(1/($N$5*X28))^0.6 -> #DIV/0! | AA28: =IF($N$4=0,0.6*K28^0.42*M28^0.3*(1/($N$5*X28))^0.6,Y28) -> #DIV/0! | AB28: =IF(C28>AA28,1,1-(1-C28/AA28)^1.8) -> #DIV/0! | AE28: =IF(EXACT($A$11,$S28),$R28,0) -> #VALUE! | AF28: =IF(ISERR(AE28),0,AE28) -> 0 | AG28: =IF(EXACT($A$13,$S28),$R28,0) -> #VALUE! | AH28: =IF(ISERR(AG28),0,AG28) -> 0 | AI28: =IF(EXACT($A$15,$S28),$R28,0) -> #VALUE! | AJ28: =IF(ISERR(AI28),0,AI28) -> 0 | AK28: =IF(EXACT(#REF!,$S28),$R28,0) -> #REF! | AL28: =IF(ISERR(AK28),0,AK28) -> 0 | AM28: =IF(EXACT($A$17,$S28),$R28,0) -> #VALUE! | AN28: =IF(ISERR(AM28),0,AM28) -> 0 | AO28: =IF(EXACT($A$18,$S28),$R28,0) -> #VALUE! | AP28: =IF(ISERR(AO28),0,AO28) -> 0 | AQ28: =IF(EXACT($A$20,$S28),$R28,0) -> #VALUE! | AR28: =IF(ISERR(AQ28),0,AQ28) -> 0 | AS28: =IF(EXACT($A$21,$S28),$R28,0) -> #VALUE! | AT28: =IF(ISERR(AS28),0,AS28) -> 0 | AU28: =IF(EXACT($A$22,$S28),$R28,0) -> #VALUE! | AV28: =IF(ISERR(AU28),0,AU28) -> 0 | AW28: =IF(EXACT($A$23,$S28),$R28,0) -> #VALUE! | AX28: =IF(ISERR(AW28),0,AW28) -> 0 | AY28: =IF(EXACT($A$24,$S28),$R28,0) -> #VALUE! | AZ28: =IF(ISERR(AY28),0,AY28) -> 0 | BA28: =IF(EXACT($A$25,$S28),$R28,0) -> #VALUE! | BB28: =IF(ISERR(BA28),0,BA28) -> 0 | BC28: =IF(EXACT($A$26,$S28),$R28,0) -> #VALUE! | BD28: =IF(ISERR(BC28),0,BC28) -> 0 | BE28: =IF(EXACT($A$27,$S28),$R28,0) -> #VALUE! | BF28: =IF(ISERR(BE28),0,BE28) -> 0 | BG28: =IF(EXACT($A$33,$S28),$R28,0) -> #VALUE! | BH28: =IF(ISERR(BG28),0,BG28) -> 0 | BI28: =IF(EXACT($A$34,$S28),$R28,0) -> #VALUE! | BJ28: =IF(ISERR(BI28),0,BI28) -> 0 | BK28: =IF(EXACT($A$35,$S28),$R28,0) -> #VALUE! | BL28: =IF(ISERR(BK28),0,BK28) -> 0 | BM28: =IF(EXACT($A$36,$S28),$R28,0) -> #VALUE! | BN28: =IF(ISERR(BM28),0,BM28) -> 0 | BO28: =IF(EXACT($A$37,$S28),$R28,0) -> #VALUE! | BP28: =IF(ISERR(BO28),0,BO28) -> 0 | BQ28: =IF(EXACT($A$38,$S28),$R28,0) -> #VALUE! | BR28: =IF(ISERR(BQ28),0,BQ28) -> 0
U29: =L29+0.25*(1-(1-$N$6/P29)^2.67) -> #DIV/0! | V29: =($N$4+L29*$N$6)/$N$6 -> 0.062631579 | W29: =($N$4/($N$4+$N$6*L29))*(0.56/$N$5*V29^1.667*M29^0.5*$N$6^2.667)/K29 -> #DIV/0! | X29: =L29+($N$4/$N$6)*W29 -> #DIV/0! | Y29: =IF(C29>=15,0.54*K29^0.42*M29^0.3*(1/($N$5*X29))^0.6,Z29) -> #DIV/0! | Z29: =0.58*K29^0.42*M29^0.3*(1/($N$5*X29))^0.6 -> #DIV/0! | AA29: =IF($N$4=0,0.6*K29^0.42*M29^0.3*(1/($N$5*X29))^0.6,Y29) -> #DIV/0! | AB29: =IF(C29>AA29,1,1-(1-C29/AA29)^1.8) -> #DIV/0! | AE29: =IF(EXACT($A$11,$S29),$R29,0) -> #VALUE! | AF29: =IF(ISERR(AE29),0,AE29) -> 0 | AG29: =IF(EXACT($A$13,$S29),$R29,0) -> #VALUE! | AH29: =IF(ISERR(AG29),0,AG29) -> 0 | AI29: =IF(EXACT($A$15,$S29),$R29,0) -> #VALUE! | AJ29: =IF(ISERR(AI29),0,AI29) -> 0 | AK29: =IF(EXACT(#REF!,$S29),$R29,0) -> #REF! | AL29: =IF(ISERR(AK29),0,AK29) -> 0 | AM29: =IF(EXACT($A$17,$S29),$R29,0) -> #VALUE! | AN29: =IF(ISERR(AM29),0,AM29) -> 0 | AO29: =IF(EXACT($A$18,$S29),$R29,0) -> #VALUE! | AP29: =IF(ISERR(AO29),0,AO29) -> 0 | AQ29: =IF(EXACT($A$20,$S29),$R29,0) -> #VALUE! | AR29: =IF(ISERR(AQ29),0,AQ29) -> 0 | AS29: =IF(EXACT($A$21,$S29),$R29,0) -> #VALUE! | AT29: =IF(ISERR(AS29),0,AS29) -> 0 | AU29: =IF(EXACT($A$22,$S29),$R29,0) -> #VALUE! | AV29: =IF(ISERR(AU29),0,AU29) -> 0 | AW29: =IF(EXACT($A$23,$S29),$R29,0) -> #VALUE! | AX29: =IF(ISERR(AW29),0,AW29) -> 0 | AY29: =IF(EXACT($A$24,$S29),$R29,0) -> #VALUE! | AZ29: =IF(ISERR(AY29),0,AY29) -> 0 | BA29: =IF(EXACT($A$25,$S29),$R29,0) -> #VALUE! | BB29: =IF(ISERR(BA29),0,BA29) -> 0 | BC29: =IF(EXACT($A$26,$S29),$R29,0) -> #VALUE! | BD29: =IF(ISERR(BC29),0,BC29) -> 0 | BE29: =IF(EXACT($A$27,$S29),$R29,0) -> #VALUE! | BF29: =IF(ISERR(BE29),0,BE29) -> 0 | BG29: =IF(EXACT($A$33,$S29),$R29,0) -> #VALUE! | BH29: =IF(ISERR(BG29),0,BG29) -> 0 | BI29: =IF(EXACT($A$34,$S29),$R29,0) -> #VALUE! | BJ29: =IF(ISERR(BI29),0,BI29) -> 0 | BK29: =IF(EXACT($A$35,$S29),$R29,0) -> #VALUE! | BL29: =IF(ISERR(BK29),0,BK29) -> 0 | BM29: =IF(EXACT($A$36,$S29),$R29,0) -> #VALUE! | BN29: =IF(ISERR(BM29),0,BM29) -> 0 | BO29: =IF(EXACT($A$37,$S29),$R29,0) -> #VALUE! | BP29: =IF(ISERR(BO29),0,BO29) -> 0 | BQ29: =IF(EXACT($A$38,$S29),$R29,0) -> #VALUE! | BR29: =IF(ISERR(BQ29),0,BQ29) -> 0
U30: =L30+0.25*(1-(1-$N$6/P30)^2.67) -> #DIV/0! | V30: =($N$4+L30*$N$6)/$N$6 -> 0.062631579 | W30: =($N$4/($N$4+$N$6*L30))*(0.56/$N$5*V30^1.667*M30^0.5*$N$6^2.667)/K30 -> #DIV/0! | X30: =L30+($N$4/$N$6)*W30 -> #DIV/0! | Y30: =IF(C30>=15,0.54*K30^0.42*M30^0.3*(1/($N$5*X30))^0.6,Z30) -> #DIV/0! | Z30: =0.58*K30^0.42*M30^0.3*(1/($N$5*X30))^0.6 -> #DIV/0! | AA30: =IF($N$4=0,0.6*K30^0.42*M30^0.3*(1/($N$5*X30))^0.6,Y30) -> #DIV/0! | AB30: =IF(C30>AA30,1,1-(1-C30/AA30)^1.8) -> #DIV/0! | AE30: =IF(EXACT($A$11,$S30),$R30,0) -> #VALUE! | AF30: =IF(ISERR(AE30),0,AE30) -> 0 | AG30: =IF(EXACT($A$13,$S30),$R30,0) -> #VALUE! | AH30: =IF(ISERR(AG30),0,AG30) -> 0 | AI30: =IF(EXACT($A$15,$S30),$R30,0) -> #VALUE! | AJ30: =IF(ISERR(AI30),0,AI30) -> 0 | AK30: =IF(EXACT(#REF!,$S30),$R30,0) -> #REF! | AL30: =IF(ISERR(AK30),0,AK30) -> 0 | AM30: =IF(EXACT($A$17,$S30),$R30,0) -> #VALUE! | AN30: =IF(ISERR(AM30),0,AM30) -> 0 | AO30: =IF(EXACT($A$18,$S30),$R30,0) -> #VALUE! | AP30: =IF(ISERR(AO30),0,AO30) -> 0 | AQ30: =IF(EXACT($A$20,$S30),$R30,0) -> #VALUE! | AR30: =IF(ISERR(AQ30),0,AQ30) -> 0 | AS30: =IF(EXACT($A$21,$S30),$R30,0) -> #VALUE! | AT30: =IF(ISERR(AS30),0,AS30) -> 0 | AU30: =IF(EXACT($A$22,$S30),$R30,0) -> #VALUE! | AV30: =IF(ISERR(AU30),0,AU30) -> 0 | AW30: =IF(EXACT($A$23,$S30),$R30,0) -> #VALUE! | AX30: =IF(ISERR(AW30),0,AW30) -> 0 | AY30: =IF(EXACT($A$24,$S30),$R30,0) -> #VALUE! | AZ30: =IF(ISERR(AY30),0,AY30) -> 0 | BA30: =IF(EXACT($A$25,$S30),$R30,0) -> #VALUE! | BB30: =IF(ISERR(BA30),0,BA30) -> 0 | BC30: =IF(EXACT($A$26,$S30),$R30,0) -> #VALUE! | BD30: =IF(ISERR(BC30),0,BC30) -> 0 | BE30: =IF(EXACT($A$27,$S30),$R30,0) -> #VALUE! | BF30: =IF(ISERR(BE30),0,BE30) -> 0 | BG30: =IF(EXACT($A$33,$S30),$R30,0) -> #VALUE! | BH30: =IF(ISERR(BG30),0,BG30) -> 0 | BI30: =IF(EXACT($A$34,$S30),$R30,0) -> #VALUE! | BJ30: =IF(ISERR(BI30),0,BI30) -> 0 | BK30: =IF(EXACT($A$35,$S30),$R30,0) -> #VALUE! | BL30: =IF(ISERR(BK30),0,BK30) -> 0 | BM30: =IF(EXACT($A$36,$S30),$R30,0) -> #VALUE! | BN30: =IF(ISERR(BM30),0,BM30) -> 0 | BO30: =IF(EXACT($A$37,$S30),$R30,0) -> #VALUE! | BP30: =IF(ISERR(BO30),0,BO30) -> 0 | BQ30: =IF(EXACT($A$38,$S30),$R30,0) -> #VALUE! | BR30: =IF(ISERR(BQ30),0,BQ30) -> 0
U31: =L31+0.25*(1-(1-$N$6/P31)^2.67) -> #DIV/0! | V31: =($N$4+L31*$N$6)/$N$6 -> 0.062631579 | W31: =($N$4/($N$4+$N$6*L31))*(0.56/$N$5*V31^1.667*M31^0.5*$N$6^2.667)/K31 -> #DIV/0! | X31: =L31+($N$4/$N$6)*W31 -> #DIV/0! | Y31: =IF(C31>=15,0.54*K31^0.42*M31^0.3*(1/($N$5*X31))^0.6,Z31) -> #DIV/0! | Z31: =0.58*K31^0.42*M31^0.3*(1/($N$5*X31))^0.6 -> #DIV/0! | AA31: =IF($N$4=0,0.6*K31^0.42*M31^0.3*(1/($N$5*X31))^0.6,Y31) -> #DIV/0! | AB31: =IF(C31>AA31,1,1-(1-C31/AA31)^1.8) -> #DIV/0! | AE31: =IF(EXACT($A$11,$S31),$R31,0) -> #VALUE! | AF31: =IF(ISERR(AE31),0,AE31) -> 0 | AG31: =IF(EXACT($A$13,$S31),$R31,0) -> #VALUE! | AH31: =IF(ISERR(AG31),0,AG31) -> 0 | AI31: =IF(EXACT($A$15,$S31),$R31,0) -> #VALUE! | AJ31: =IF(ISERR(AI31),0,AI31) -> 0 | AK31: =IF(EXACT(#REF!,$S31),$R31,0) -> #REF! | AL31: =IF(ISERR(AK31),0,AK31) -> 0 | AM31: =IF(EXACT($A$17,$S31),$R31,0) -> #VALUE! | AN31: =IF(ISERR(AM31),0,AM31) -> 0 | AO31: =IF(EXACT($A$18,$S31),$R31,0) -> #VALUE! | AP31: =IF(ISERR(AO31),0,AO31) -> 0 | AQ31: =IF(EXACT($A$20,$S31),$R31,0) -> #VALUE! | AR31: =IF(ISERR(AQ31),0,AQ31) -> 0 | AS31: =IF(EXACT($A$21,$S31),$R31,0) -> #VALUE! | AT31: =IF(ISERR(AS31),0,AS31) -> 0 | AU31: =IF(EXACT($A$22,$S31),$R31,0) -> #VALUE! | AV31: =IF(ISERR(AU31),0,AU31) -> 0 | AW31: =IF(EXACT($A$23,$S31),$R31,0) -> #VALUE! | AX31: =IF(ISERR(AW31),0,AW31) -> 0 | AY31: =IF(EXACT($A$24,$S31),$R31,0) -> #VALUE! | AZ31: =IF(ISERR(AY31),0,AY31) -> 0 | BA31: =IF(EXACT($A$25,$S31),$R31,0) -> #VALUE! | BB31: =IF(ISERR(BA31),0,BA31) -> 0 | BC31: =IF(EXACT($A$26,$S31),$R31,0) -> #VALUE! | BD31: =IF(ISERR(BC31),0,BC31) -> 0 | BE31: =IF(EXACT($A$27,$S31),$R31,0) -> #VALUE! | BF31: =IF(ISERR(BE31),0,BE31) -> 0 | BG31: =IF(EXACT($A$33,$S31),$R31,0) -> #VALUE! | BH31: =IF(ISERR(BG31),0,BG31) -> 0 | BI31: =IF(EXACT($A$34,$S31),$R31,0) -> #VALUE! | BJ31: =IF(ISERR(BI31),0,BI31) -> 0 | BK31: =IF(EXACT($A$35,$S31),$R31,0) -> #VALUE! | BL31: =IF(ISERR(BK31),0,BK31) -> 0 | BM31: =IF(EXACT($A$36,$S31),$R31,0) -> #VALUE! | BN31: =IF(ISERR(BM31),0,BM31) -> 0 | BO31: =IF(EXACT($A$37,$S31),$R31,0) -> #VALUE! | BP31: =IF(ISERR(BO31),0,BO31) -> 0 | BQ31: =IF(EXACT($A$38,$S31),$R31,0) -> #VALUE! | BR31: =IF(ISERR(BQ31),0,BQ31) -> 0
U32: =L32+0.25*(1-(1-$N$6/P32)^2.67) -> #DIV/0! | V32: =($N$4+L32*$N$6)/$N$6 -> 0.062631579 | W32: =($N$4/($N$4+$N$6*L32))*(0.56/$N$5*V32^1.667*M32^0.5*$N$6^2.667)/K32 -> #DIV/0! | X32: =L32+($N$4/$N$6)*W32 -> #DIV/0! | Y32: =IF(C32>=15,0.54*K32^0.42*M32^0.3*(1/($N$5*X32))^0.6,Z32) -> #DIV/0! | Z32: =0.58*K32^0.42*M32^0.3*(1/($N$5*X32))^0.6 -> #DIV/0! | AA32: =IF($N$4=0,0.6*K32^0.42*M32^0.3*(1/($N$5*X32))^0.6,Y32) -> #DIV/0! | AB32: =IF(C32>AA32,1,1-(1-C32/AA32)^1.8) -> #DIV/0! | AE32: =IF(EXACT($A$11,$S32),$R32,0) -> #VALUE! | AF32: =IF(ISERR(AE32),0,AE32) -> 0 | AG32: =IF(EXACT($A$13,$S32),$R32,0) -> #VALUE! | AH32: =IF(ISERR(AG32),0,AG32) -> 0 | AI32: =IF(EXACT($A$15,$S32),$R32,0) -> #VALUE! | AJ32: =IF(ISERR(AI32),0,AI32) -> 0 | AK32: =IF(EXACT(#REF!,$S32),$R32,0) -> #REF! | AL32: =IF(ISERR(AK32),0,AK32) -> 0 | AM32: =IF(EXACT($A$17,$S32),$R32,0) -> #VALUE! | AN32: =IF(ISERR(AM32),0,AM32) -> 0 | AO32: =IF(EXACT($A$18,$S32),$R32,0) -> #VALUE! | AP32: =IF(ISERR(AO32),0,AO32) -> 0 | AQ32: =IF(EXACT($A$20,$S32),$R32,0) -> #VALUE! | AR32: =IF(ISERR(AQ32),0,AQ32) -> 0 | AS32: =IF(EXACT($A$21,$S32),$R32,0) -> #VALUE! | AT32: =IF(ISERR(AS32),0,AS32) -> 0 | AU32: =IF(EXACT($A$22,$S32),$R32,0) -> #VALUE! | AV32: =IF(ISERR(AU32),0,AU32) -> 0 | AW32: =IF(EXACT($A$23,$S32),$R32,0) -> #VALUE! | AX32: =IF(ISERR(AW32),0,AW32) -> 0 | AY32: =IF(EXACT($A$24,$S32),$R32,0) -> #VALUE! | AZ32: =IF(ISERR(AY32),0,AY32) -> 0 | BA32: =IF(EXACT($A$25,$S32),$R32,0) -> #VALUE! | BB32: =IF(ISERR(BA32),0,BA32) -> 0 | BC32: =IF(EXACT($A$26,$S32),$R32,0) -> #VALUE! | BD32: =IF(ISERR(BC32),0,BC32) -> 0 | BE32: =IF(EXACT($A$27,$S32),$R32,0) -> #VALUE! | BF32: =IF(ISERR(BE32),0,BE32) -> 0 | BG32: =IF(EXACT($A$33,$S32),$R32,0) -> #VALUE! | BH32: =IF(ISERR(BG32),0,BG32) -> 0 | BI32: =IF(EXACT($A$34,$S32),$R32,0) -> #VALUE! | BJ32: =IF(ISERR(BI32),0,BI32) -> 0 | BK32: =IF(EXACT($A$35,$S32),$R32,0) -> #VALUE! | BL32: =IF(ISERR(BK32),0,BK32) -> 0 | BM32: =IF(EXACT($A$36,$S32),$R32,0) -> #VALUE! | BN32: =IF(ISERR(BM32),0,BM32) -> 0 | BO32: =IF(EXACT($A$37,$S32),$R32,0) -> #VALUE! | BP32: =IF(ISERR(BO32),0,BO32) -> 0 | BQ32: =IF(EXACT($A$38,$S32),$R32,0) -> #VALUE! | BR32: =IF(ISERR(BQ32),0,BQ32) -> 0
F33: =IF(AND(D33=0,E33=0)," ",+D33*E33) | H33: =IF(AND(D33=0,E33=0)," ",+F33+G33) | K33: =IF(AND(D33=0,E33=0)," ",+H33*J33) | P33: =IF(AND(D33=0,E33=0)," ",+L56) | Q33: =IF(AND(D33=0,E33=0)," ",R56) | R33: =IF(AND(D33=0,E33=0)," ",+H33*(1-(Q33/100))) | U33: =L33+0.25*(1-(1-$N$6/P33)^2.67) -> #DIV/0! | V33: =($N$4+L33*$N$6)/$N$6 -> 0.062631579 | W33: =($N$4/($N$4+$N$6*L33))*(0.56/$N$5*V33^1.667*M33^0.5*$N$6^2.667)/K33 -> #DIV/0! | X33: =L33+($N$4/$N$6)*W33 -> #DIV/0! | Y33: =IF(C33>=15,0.54*K33^0.42*M33^0.3*(1/($N$5*X33))^0.6,Z33) -> #DIV/0! | Z33: =0.58*K33^0.42*M33^0.3*(1/($N$5*X33))^0.6 -> #DIV/0! | AA33: =IF($N$4=0,0.6*K33^0.42*M33^0.3*(1/($N$5*X33))^0.6,Y33) -> #DIV/0! | AB33: =IF(C33>AA33,1,1-(1-C33/AA33)^1.8) -> #DIV/0! | AE33: =IF(EXACT($A$11,$S33),$R33,0) -> #VALUE! | AF33: =IF(ISERR(AE33),0,AE33) -> 0 | AG33: =IF(EXACT($A$13,$S33),$R33,0) -> #VALUE! | AH33: =IF(ISERR(AG33),0,AG33) -> 0 | AI33: =IF(EXACT($A$15,$S33),$R33,0) -> #VALUE! | AJ33: =IF(ISERR(AI33),0,AI33) -> 0 | AK33: =IF(EXACT(#REF!,$S33),$R33,0) -> #REF! | AL33: =IF(ISERR(AK33),0,AK33) -> 0 | AM33: =IF(EXACT($A$17,$S33),$R33,0) -> #VALUE! | AN33: =IF(ISERR(AM33),0,AM33) -> 0 | AO33: =IF(EXACT($A$18,$S33),$R33,0) -> #VALUE! | AP33: =IF(ISERR(AO33),0,AO33) -> 0 | AQ33: =IF(EXACT($A$20,$S33),$R33,0) -> #VALUE! | AR33: =IF(ISERR(AQ33),0,AQ33) -> 0 | AS33: =IF(EXACT($A$21,$S33),$R33,0) -> #VALUE! | AT33: =IF(ISERR(AS33),0,AS33) -> 0 | AU33: =IF(EXACT($A$22,$S33),$R33,0) -> #VALUE! | AV33: =IF(ISERR(AU33),0,AU33) -> 0 | AW33: =IF(EXACT($A$23,$S33),$R33,0) -> #VALUE! | AX33: =IF(ISERR(AW33),0,AW33) -> 0 | AY33: =IF(EXACT($A$24,$S33),$R33,0) -> #VALUE! | AZ33: =IF(ISERR(AY33),0,AY33) -> 0 | BA33: =IF(EXACT($A$25,$S33),$R33,0) -> #VALUE! | BB33: =IF(ISERR(BA33),0,BA33) -> 0 | BC33: =IF(EXACT($A$26,$S33),$R33,0) -> #VALUE! | BD33: =IF(ISERR(BC33),0,BC33) -> 0 | BE33: =IF(EXACT($A$27,$S33),$R33,0) -> #VALUE! | BF33: =IF(ISERR(BE33),0,BE33) -> 0 | BG33: =IF(EXACT($A$33,$S33),$R33,0) -> #VALUE! | BH33: =IF(ISERR(BG33),0,BG33) -> 0 | BI33: =IF(EXACT($A$34,$S33),$R33,0) -> #VALUE! | BJ33: =IF(ISERR(BI33),0,BI33) -> 0 | BK33: =IF(EXACT($A$35,$S33),$R33,0) -> #VALUE! | BL33: =IF(ISERR(BK33),0,BK33) -> 0 | BM33: =IF(EXACT($A$36,$S33),$R33,0) -> #VALUE! | BN33: =IF(ISERR(BM33),0,BM33) -> 0 | BO33: =IF(EXACT($A$37,$S33),$R33,0) -> #VALUE! | BP33: =IF(ISERR(BO33),0,BO33) -> 0 | BQ33: =IF(EXACT($A$38,$S33),$R33,0) -> #VALUE! | BR33: =IF(ISERR(BQ33),0,BQ33) -> 0
F34: =IF(AND(D34=0,E34=0)," ",+D34*E34) | H34: =IF(AND(D34=0,E34=0)," ",+F34+G34) | K34: =IF(AND(D34=0,E34=0)," ",+H34*J34) | P34: =IF(AND(D34=0,E34=0)," ",+L57) | Q34: =IF(AND(D34=0,E34=0)," ",R57) | R34: =IF(AND(D34=0,E34=0)," ",+H34*(1-(Q34/100))) | U34: =L34+0.25*(1-(1-$N$6/P34)^2.67) -> #DIV/0! | V34: =($N$4+L34*$N$6)/$N$6 -> 0.062631579 | W34: =($N$4/($N$4+$N$6*L34))*(0.56/$N$5*V34^1.667*M34^0.5*$N$6^2.667)/K34 -> #DIV/0! | X34: =L34+($N$4/$N$6)*W34 -> #DIV/0! | Y34: =IF(C34>=15,0.54*K34^0.42*M34^0.3*(1/($N$5*X34))^0.6,Z34) -> #DIV/0! | Z34: =0.58*K34^0.42*M34^0.3*(1/($N$5*X34))^0.6 -> #DIV/0! | AA34: =IF($N$4=0,0.6*K34^0.42*M34^0.3*(1/($N$5*X34))^0.6,Y34) -> #DIV/0! | AB34: =IF(C34>AA34,1,1-(1-C34/AA34)^1.8) -> #DIV/0! | AE34: =IF(EXACT($A$11,$S34),$R34,0) -> #VALUE! | AF34: =IF(ISERR(AE34),0,AE34) -> 0 | AG34: =IF(EXACT($A$13,$S34),$R34,0) -> #VALUE! | AH34: =IF(ISERR(AG34),0,AG34) -> 0 | AI34: =IF(EXACT($A$15,$S34),$R34,0) -> #VALUE! | AJ34: =IF(ISERR(AI34),0,AI34) -> 0 | AK34: =IF(EXACT(#REF!,$S34),$R34,0) -> #REF! | AL34: =IF(ISERR(AK34),0,AK34) -> 0 | AM34: =IF(EXACT($A$17,$S34),$R34,0) -> #VALUE! | AN34: =IF(ISERR(AM34),0,AM34) -> 0 | AO34: =IF(EXACT($A$18,$S34),$R34,0) -> #VALUE! | AP34: =IF(ISERR(AO34),0,AO34) -> 0 | AQ34: =IF(EXACT($A$20,$S34),$R34,0) -> #VALUE! | AR34: =IF(ISERR(AQ34),0,AQ34) -> 0 | AS34: =IF(EXACT($A$21,$S34),$R34,0) -> #VALUE! | AT34: =IF(ISERR(AS34),0,AS34) -> 0 | AU34: =IF(EXACT($A$22,$S34),$R34,0) -> #VALUE! | AV34: =IF(ISERR(AU34),0,AU34) -> 0 | AW34: =IF(EXACT($A$23,$S34),$R34,0) -> #VALUE! | AX34: =IF(ISERR(AW34),0,AW34) -> 0 | AY34: =IF(EXACT($A$24,$S34),$R34,0) -> #VALUE! | AZ34: =IF(ISERR(AY34),0,AY34) -> 0 | BA34: =IF(EXACT($A$25,$S34),$R34,0) -> #VALUE! | BB34: =IF(ISERR(BA34),0,BA34) -> 0 | BC34: =IF(EXACT($A$26,$S34),$R34,0) -> #VALUE! | BD34: =IF(ISERR(BC34),0,BC34) -> 0 | BE34: =IF(EXACT($A$27,$S34),$R34,0) -> #VALUE! | BF34: =IF(ISERR(BE34),0,BE34) -> 0 | BG34: =IF(EXACT($A$33,$S34),$R34,0) -> #VALUE! | BH34: =IF(ISERR(BG34),0,BG34) -> 0 | BI34: =IF(EXACT($A$34,$S34),$R34,0) -> #VALUE! | BJ34: =IF(ISERR(BI34),0,BI34) -> 0 | BK34: =IF(EXACT($A$35,$S34),$R34,0) -> #VALUE! | BL34: =IF(ISERR(BK34),0,BK34) -> 0 | BM34: =IF(EXACT($A$36,$S34),$R34,0) -> #VALUE! | BN34: =IF(ISERR(BM34),0,BM34) -> 0 | BO34: =IF(EXACT($A$37,$S34),$R34,0) -> #VALUE! | BP34: =IF(ISERR(BO34),0,BO34) -> 0 | BQ34: =IF(EXACT($A$38,$S34),$R34,0) -> #VALUE! | BR34: =IF(ISERR(BQ34),0,BQ34) -> 0
F35: =IF(AND(D35=0,E35=0)," ",+D35*E35) | H35: =IF(AND(D35=0,E35=0)," ",+F35+G35) | K35: =IF(AND(D35=0,E35=0)," ",+H35*J35) | P35: =IF(AND(D35=0,E35=0)," ",+L58) | Q35: =IF(AND(D35=0,E35=0)," ",R58) | R35: =IF(AND(D35=0,E35=0)," ",+H35*(1-(Q35/100))) | U35: =L35+0.25*(1-(1-$N$6/P35)^2.67) -> #DIV/0! | V35: =($N$4+L35*$N$6)/$N$6 -> 0.062631579 | W35: =($N$4/($N$4+$N$6*L35))*(0.56/$N$5*V35^1.667*M35^0.5*$N$6^2.667)/K35 -> #DIV/0! | X35: =L35+($N$4/$N$6)*W35 -> #DIV/0! | Y35: =IF(C35>=15,0.54*K35^0.42*M35^0.3*(1/($N$5*X35))^0.6,Z35) -> #DIV/0! | Z35: =0.58*K35^0.42*M35^0.3*(1/($N$5*X35))^0.6 -> #DIV/0! | AA35: =IF($N$4=0,0.6*K35^0.42*M35^0.3*(1/($N$5*X35))^0.6,Y35) -> #DIV/0! | AB35: =IF(C35>AA35,1,1-(1-C35/AA35)^1.8) -> #DIV/0! | AE35: =IF(EXACT($A$11,$S35),$R35,0) -> #VALUE! | AF35: =IF(ISERR(AE35),0,AE35) -> 0 | AG35: =IF(EXACT($A$13,$S35),$R35,0) -> #VALUE! | AH35: =IF(ISERR(AG35),0,AG35) -> 0 | AI35: =IF(EXACT($A$15,$S35),$R35,0) -> #VALUE! | AJ35: =IF(ISERR(AI35),0,AI35) -> 0 | AK35: =IF(EXACT(#REF!,$S35),$R35,0) -> #REF! | AL35: =IF(ISERR(AK35),0,AK35) -> 0 | AM35: =IF(EXACT($A$17,$S35),$R35,0) -> #VALUE! | AN35: =IF(ISERR(AM35),0,AM35) -> 0 | AO35: =IF(EXACT($A$18,$S35),$R35,0) -> #VALUE! | AP35: =IF(ISERR(AO35),0,AO35) -> 0 | AQ35: =IF(EXACT($A$20,$S35),$R35,0) -> #VALUE! | AR35: =IF(ISERR(AQ35),0,AQ35) -> 0 | AS35: =IF(EXACT($A$21,$S35),$R35,0) -> #VALUE! | AT35: =IF(ISERR(AS35),0,AS35) -> 0 | AU35: =IF(EXACT($A$22,$S35),$R35,0) -> #VALUE! | AV35: =IF(ISERR(AU35),0,AU35) -> 0 | AW35: =IF(EXACT($A$23,$S35),$R35,0) -> #VALUE! | AX35: =IF(ISERR(AW35),0,AW35) -> 0 | AY35: =IF(EXACT($A$24,$S35),$R35,0) -> #VALUE! | AZ35: =IF(ISERR(AY35),0,AY35) -> 0 | BA35: =IF(EXACT($A$25,$S35),$R35,0) -> #VALUE! | BB35: =IF(ISERR(BA35),0,BA35) -> 0 | BC35: =IF(EXACT($A$26,$S35),$R35,0) -> #VALUE! | BD35: =IF(ISERR(BC35),0,BC35) -> 0 | BE35: =IF(EXACT($A$27,$S35),$R35,0) -> #VALUE! | BF35: =IF(ISERR(BE35),0,BE35) -> 0 | BG35: =IF(EXACT($A$33,$S35),$R35,0) -> #VALUE! | BH35: =IF(ISERR(BG35),0,BG35) -> 0 | BI35: =IF(EXACT($A$34,$S35),$R35,0) -> #VALUE! | BJ35: =IF(ISERR(BI35),0,BI35) -> 0 | BK35: =IF(EXACT($A$35,$S35),$R35,0) -> #VALUE! | BL35: =IF(ISERR(BK35),0,BK35) -> 0 | BM35: =IF(EXACT($A$36,$S35),$R35,0) -> #VALUE! | BN35: =IF(ISERR(BM35),0,BM35) -> 0 | BO35: =IF(EXACT($A$37,$S35),$R35,0) -> #VALUE! | BP35: =IF(ISERR(BO35),0,BO35) -> 0 | BQ35: =IF(EXACT($A$38,$S35),$R35,0) -> #VALUE! | BR35: =IF(ISERR(BQ35),0,BQ35) -> 0
F36: =IF(AND(D36=0,E36=0)," ",+D36*E36) | H36: =IF(AND(D36=0,E36=0)," ",+F36+G36) | K36: =IF(AND(D36=0,E36=0)," ",+H36*J36) | P36: =IF(AND(D36=0,E36=0)," ",+L59) | Q36: =IF(AND(D36=0,E36=0)," ",R59) | R36: =IF(AND(D36=0,E36=0)," ",+H36*(1-(Q36/100))) | U36: =L36+0.25*(1-(1-$N$6/P36)^2.67) -> #DIV/0! | V36: =($N$4+L36*$N$6)/$N$6 -> 0.062631579 | W36: =($N$4/($N$4+$N$6*L36))*(0.56/$N$5*V36^1.667*M36^0.5*$N$6^2.667)/K36 -> #DIV/0! | X36: =L36+($N$4/$N$6)*W36 -> #DIV/0! | Y36: =IF(C36>=15,0.54*K36^0.42*M36^0.3*(1/($N$5*X36))^0.6,Z36) -> #DIV/0! | Z36: =0.58*K36^0.42*M36^0.3*(1/($N$5*X36))^0.6 -> #DIV/0! | AA36: =IF($N$4=0,0.6*K36^0.42*M36^0.3*(1/($N$5*X36))^0.6,Y36) -> #DIV/0! | AB36: =IF(C36>AA36,1,1-(1-C36/AA36)^1.8) -> #DIV/0! | AE36: =IF(EXACT($A$11,$S36),$R36,0) -> #VALUE! | AF36: =IF(ISERR(AE36),0,AE36) -> 0 | AG36: =IF(EXACT($A$13,$S36),$R36,0) -> #VALUE! | AH36: =IF(ISERR(AG36),0,AG36) -> 0 | AI36: =IF(EXACT($A$15,$S36),$R36,0) -> #VALUE! | AJ36: =IF(ISERR(AI36),0,AI36) -> 0 | AK36: =IF(EXACT(#REF!,$S36),$R36,0) -> #REF! | AL36: =IF(ISERR(AK36),0,AK36) -> 0 | AM36: =IF(EXACT($A$17,$S36),$R36,0) -> #VALUE! | AN36: =IF(ISERR(AM36),0,AM36) -> 0 | AO36: =IF(EXACT($A$18,$S36),$R36,0) -> #VALUE! | AP36: =IF(ISERR(AO36),0,AO36) -> 0 | AQ36: =IF(EXACT($A$20,$S36),$R36,0) -> #VALUE! | AR36: =IF(ISERR(AQ36),0,AQ36) -> 0 | AS36: =IF(EXACT($A$21,$S36),$R36,0) -> #VALUE! | AT36: =IF(ISERR(AS36),0,AS36) -> 0 | AU36: =IF(EXACT($A$22,$S36),$R36,0) -> #VALUE! | AV36: =IF(ISERR(AU36),0,AU36) -> 0 | AW36: =IF(EXACT($A$23,$S36),$R36,0) -> #VALUE! | AX36: =IF(ISERR(AW36),0,AW36) -> 0 | AY36: =IF(EXACT($A$24,$S36),$R36,0) -> #VALUE! | AZ36: =IF(ISERR(AY36),0,AY36) -> 0 | BA36: =IF(EXACT($A$25,$S36),$R36,0) -> #VALUE! | BB36: =IF(ISERR(BA36),0,BA36) -> 0 | BC36: =IF(EXACT($A$26,$S36),$R36,0) -> #VALUE! | BD36: =IF(ISERR(BC36),0,BC36) -> 0 | BE36: =IF(EXACT($A$27,$S36),$R36,0) -> #VALUE! | BF36: =IF(ISERR(BE36),0,BE36) -> 0 | BG36: =IF(EXACT($A$33,$S36),$R36,0) -> #VALUE! | BH36: =IF(ISERR(BG36),0,BG36) -> 0 | BI36: =IF(EXACT($A$34,$S36),$R36,0) -> #VALUE! | BJ36: =IF(ISERR(BI36),0,BI36) -> 0 | BK36: =IF(EXACT($A$35,$S36),$R36,0) -> #VALUE! | BL36: =IF(ISERR(BK36),0,BK36) -> 0 | BM36: =IF(EXACT($A$36,$S36),$R36,0) -> #VALUE! | BN36: =IF(ISERR(BM36),0,BM36) -> 0 | BO36: =IF(EXACT($A$37,$S36),$R36,0) -> #VALUE! | BP36: =IF(ISERR(BO36),0,BO36) -> 0 | BQ36: =IF(EXACT($A$38,$S36),$R36,0) -> #VALUE! | BR36: =IF(ISERR(BQ36),0,BQ36) -> 0
F37: =IF(AND(D37=0,E37=0)," ",+D37*E37) | H37: =IF(AND(D37=0,E37=0)," ",+F37+G37) | K37: =IF(AND(D37=0,E37=0)," ",+H37*J37) | P37: =IF(AND(D37=0,E37=0)," ",+L60) | Q37: =IF(AND(D37=0,E37=0)," ",R60) | R37: =IF(AND(D37=0,E37=0)," ",+H37*(1-(Q37/100))) | U37: =L37+0.25*(1-(1-$N$6/P37)^2.67) -> #DIV/0! | V37: =($N$4+L37*$N$6)/$N$6 -> 0.062631579 | W37: =($N$4/($N$4+$N$6*L37))*(0.56/$N$5*V37^1.667*M37^0.5*$N$6^2.667)/K37 -> #DIV/0! | X37: =L37+($N$4/$N$6)*W37 -> #DIV/0! | Y37: =IF(C37>=15,0.54*K37^0.42*M37^0.3*(1/($N$5*X37))^0.6,Z37) -> #DIV/0! | Z37: =0.58*K37^0.42*M37^0.3*(1/($N$5*X37))^0.6 -> #DIV/0! | AA37: =IF($N$4=0,0.6*K37^0.42*M37^0.3*(1/($N$5*X37))^0.6,Y37) -> #DIV/0! | AB37: =IF(C37>AA37,1,1-(1-C37/AA37)^1.8) -> #DIV/0! | AE37: =IF(EXACT($A$11,$S37),$R37,0) -> #VALUE! | AF37: =IF(ISERR(AE37),0,AE37) -> 0 | AG37: =IF(EXACT($A$13,$S37),$R37,0) -> #VALUE! | AH37: =IF(ISERR(AG37),0,AG37) -> 0 | AI37: =IF(EXACT($A$15,$S37),$R37,0) -> #VALUE! | AJ37: =IF(ISERR(AI37),0,AI37) -> 0 | AK37: =IF(EXACT(#REF!,$S37),$R37,0) -> #REF! | AL37: =IF(ISERR(AK37),0,AK37) -> 0 | AM37: =IF(EXACT($A$17,$S37),$R37,0) -> #VALUE! | AN37: =IF(ISERR(AM37),0,AM37) -> 0 | AO37: =IF(EXACT($A$18,$S37),$R37,0) -> #VALUE! | AP37: =IF(ISERR(AO37),0,AO37) -> 0 | AQ37: =IF(EXACT($A$20,$S37),$R37,0) -> #VALUE! | AR37: =IF(ISERR(AQ37),0,AQ37) -> 0 | AS37: =IF(EXACT($A$21,$S37),$R37,0) -> #VALUE! | AT37: =IF(ISERR(AS37),0,AS37) -> 0 | AU37: =IF(EXACT($A$22,$S37),$R37,0) -> #VALUE! | AV37: =IF(ISERR(AU37),0,AU37) -> 0 | AW37: =IF(EXACT($A$23,$S37),$R37,0) -> #VALUE! | AX37: =IF(ISERR(AW37),0,AW37) -> 0 | AY37: =IF(EXACT($A$24,$S37),$R37,0) -> #VALUE! | AZ37: =IF(ISERR(AY37),0,AY37) -> 0 | BA37: =IF(EXACT($A$25,$S37),$R37,0) -> #VALUE! | BB37: =IF(ISERR(BA37),0,BA37) -> 0 | BC37: =IF(EXACT($A$26,$S37),$R37,0) -> #VALUE! | BD37: =IF(ISERR(BC37),0,BC37) -> 0 | BE37: =IF(EXACT($A$27,$S37),$R37,0) -> #VALUE! | BF37: =IF(ISERR(BE37),0,BE37) -> 0 | BG37: =IF(EXACT($A$33,$S37),$R37,0) -> #VALUE! | BH37: =IF(ISERR(BG37),0,BG37) -> 0 | BI37: =IF(EXACT($A$34,$S37),$R37,0) -> #VALUE! | BJ37: =IF(ISERR(BI37),0,BI37) -> 0 | BK37: =IF(EXACT($A$35,$S37),$R37,0) -> #VALUE! | BL37: =IF(ISERR(BK37),0,BK37) -> 0 | BM37: =IF(EXACT($A$36,$S37),$R37,0) -> #VALUE! | BN37: =IF(ISERR(BM37),0,BM37) -> 0 | BO37: =IF(EXACT($A$37,$S37),$R37,0) -> #VALUE! | BP37: =IF(ISERR(BO37),0,BO37) -> 0 | BQ37: =IF(EXACT($A$38,$S37),$R37,0) -> #VALUE! | BR37: =IF(ISERR(BQ37),0,BQ37) -> 0
F38: =IF(AND(D38=0,E38=0)," ",+D38*E38) | G38: =IF(AND(D38=0,E38=0)," ",BR40) | H38: =IF(AND(D38=0,E38=0)," ",+F38+G38) | K38: =IF(AND(D38=0,E38=0)," ",+H38*J38) | P38: =IF(AND(D38=0,E38=0)," ",+L61) | Q38: =IF(AND(D38=0,E38=0)," ",R61) | R38: =IF(AND(D38=0,E38=0)," ",+H38*(1-(Q38/100))) | U38: =L38+0.25*(1-(1-$N$6/P38)^2.67) -> #DIV/0! | V38: =($N$4+L38*$N$6)/$N$6 -> 0.062631579 | W38: =($N$4/($N$4+$N$6*L38))*(0.56/$N$5*V38^1.667*M38^0.5*$N$6^2.667)/K38 -> #DIV/0! | X38: =L38+($N$4/$N$6)*W38 -> #DIV/0! | Y38: =IF(C38>=15,0.54*K38^0.42*M38^0.3*(1/($N$5*X38))^0.6,Z38) -> #DIV/0! | Z38: =0.58*K38^0.42*M38^0.3*(1/($N$5*X38))^0.6 -> #DIV/0! | AA38: =IF($N$4=0,0.6*K38^0.42*M38^0.3*(1/($N$5*X38))^0.6,Y38) -> #DIV/0! | AB38: =IF(C38>AA38,1,1-(1-C38/AA38)^1.8) -> #DIV/0! | AE38: =IF(EXACT($A$11,$S38),$R38,0) -> 0 | AF38: =IF(ISERR(AE38),0,AE38) -> 0 | AG38: =IF(EXACT($A$13,$S38),$R38,0) -> 0 | AH38: =IF(ISERR(AG38),0,AG38) -> 0 | AI38: =IF(EXACT($A$15,$S38),$R38,0) -> 0 | AJ38: =IF(ISERR(AI38),0,AI38) -> 0 | AK38: =IF(EXACT(#REF!,$S38),$R38,0) -> #REF! | AL38: =IF(ISERR(AK38),0,AK38) -> 0 | AM38: =IF(EXACT($A$17,$S38),$R38,0) -> 0 | AN38: =IF(ISERR(AM38),0,AM38) -> 0 | AO38: =IF(EXACT($A$18,$S38),$R38,0) -> 0 | AP38: =IF(ISERR(AO38),0,AO38) -> 0 | AQ38: =IF(EXACT($A$20,$S38),$R38,0) -> #VALUE! | AR38: =IF(ISERR(AQ38),0,AQ38) -> 0 | AS38: =IF(EXACT($A$21,$S38),$R38,0) -> #VALUE! | AT38: =IF(ISERR(AS38),0,AS38) -> 0 | AU38: =IF(EXACT($A$22,$S38),$R38,0) -> #VALUE! | AV38: =IF(ISERR(AU38),0,AU38) -> 0 | AW38: =IF(EXACT($A$23,$S38),$R38,0) -> #VALUE! | AX38: =IF(ISERR(AW38),0,AW38) -> 0 | AY38: =IF(EXACT($A$24,$S38),$R38,0) -> #VALUE! | AZ38: =IF(ISERR(AY38),0,AY38) -> 0 | BA38: =IF(EXACT($A$25,$S38),$R38,0) -> #VALUE! | BB38: =IF(ISERR(BA38),0,BA38) -> 0 | BC38: =IF(EXACT($A$26,$S38),$R38,0) -> #VALUE! | BD38: =IF(ISERR(BC38),0,BC38) -> 0 | BE38: =IF(EXACT($A$27,$S38),$R38,0) -> #VALUE! | BF38: =IF(ISERR(BE38),0,BE38) -> 0 | BG38: =IF(EXACT($A$33,$S38),$R38,0) -> #VALUE! | BH38: =IF(ISERR(BG38),0,BG38) -> 0 | BI38: =IF(EXACT($A$34,$S38),$R38,0) -> #VALUE! | BJ38: =IF(ISERR(BI38),0,BI38) -> 0 | BK38: =IF(EXACT($A$35,$S38),$R38,0) -> #VALUE! | BL38: =IF(ISERR(BK38),0,BK38) -> 0 | BM38: =IF(EXACT($A$36,$S38),$R38,0) -> #VALUE! | BN38: =IF(ISERR(BM38),0,BM38) -> 0 | BO38: =IF(EXACT($A$37,$S38),$R38,0) -> #VALUE! | BP38: =IF(ISERR(BO38),0,BO38) -> 0 | BQ38: =IF(EXACT($A$38,$S38),$R38,0) -> #VALUE! | BR38: =IF(ISERR(BQ38),0,BQ38) -> 0
D40: Alt - E : Save File and Exit 123 | L40: spread | P40: spread | Q40: spread | R40: % intercept | AF40: =SUM(AF11:AF38) -> 0.0010716575 | AH40: =SUM(AH11:AH38) -> 0 | AJ40: =SUM(AJ11:AJ38) -> 0 | AL40: =SUM(AL11:AL38) -> 0 | AN40: =SUM(AN11:AN38) -> 0.010043644 | AP40: =SUM(AP11:AP38) -> 0 | AR40: =SUM(AR11:AR38) -> 0 | AT40: =SUM(AT11:AT38) -> 0 | AV40: =SUM(AV11:AV38) -> 0 | AX40: =SUM(AX11:AX38) -> 0 | AZ40: =SUM(AZ11:AZ38) -> 0 | BB40: =SUM(BB11:BB38) -> 0 | BD40: =SUM(BD11:BD38) -> 0 | BF40: =SUM(BF11:BF38) -> 0 | BH40: =SUM(BH11:BH38) -> 0 | BJ40: =SUM(BJ11:BJ38) -> 0 | BL40: =SUM(BL11:BL38) -> 0 | BN40: =SUM(BN11:BN38) -> 0 | BP40: =SUM(BP11:BP38) -> 0 | BR40: =SUM(BR11:BR38) -> 0
D41: Alt - C : Create Separate Input Data File | L41: used | M41: SUMP | P41: as weir | Q41: on-grade | R41: on-grade
D42: Alt - R : Retrieve Input Data File | L42: =IF(ISERR(M42),Q42,M42) -> 3.1679723 | M42: =IF(EXACT($M$41,$M11),$P42,0) -> 3.1679723 | P42: =(K11/(2.3*(C11+1.8*$N$6)))^0.667/L11 -> 3.1679723 | Q42: =((K11*$N$5)/(0.56*L11^1.67*M11^0.5))^0.3745 -> #DIV/0! | R42: =IF(P11=P42,100,+AB11*100) -> 100
D43: Alt - P : Print Results | L43: =IF(ISERR(M43),Q43,M43) -> 3.8891946 | M43: =IF(EXACT($M$41,$M13),$P43,0) -> #VALUE! | P43: =(K13/(2.3*(C13+1.8*$N$6)))^0.667/L13 -> 3.149876 | Q43: =((K13*$N$5)/(0.56*L13^1.67*M13^0.5))^0.3745 -> 3.8891946 | R43: =IF(P13=P43,100,+AB13*100) -> 67.072508
L44: =IF(ISERR(M44),Q44,M44) -> 4.6569564 | M44: =IF(EXACT($M$41,$M15),$P44,0) -> #VALUE! | P44: =(K15/(2.3*(C15+1.8*$N$6)))^0.667/L15 -> 5.5932219 | Q44: =((K15*$N$5)/(0.56*L15^1.67*M15^0.5))^0.3745 -> 4.6569564 | R44: =IF(P15=P44,100,+AB15*100) -> 58.463718
L45: =IF(ISERR(M45),Q45,M45) -> #REF! | M45: =IF(EXACT($M$41,#REF!),$P45,0) -> #REF! | P45: =(#REF!/(2.3*(#REF!+1.8*$N$6)))^0.667/#REF! -> #REF! | Q45: =((#REF!*$N$5)/(0.56*#REF!^1.67*#REF!^0.5))^0.3745 -> #REF! | R45: =IF(#REF!=P45,100,+#REF!*100) -> #REF!
C46: \0 | D46: {WINDOWSOFF} | L46: =IF(ISERR(M46),Q46,M46) -> 5.3966308 | M46: =IF(EXACT($M$41,$M17),$P46,0) -> 5.3966308 | P46: =(K17/(2.3*(C17+1.8*$N$6)))^0.667/L17 -> 5.3966308 | Q46: =((K17*$N$5)/(0.56*L17^1.67*M17^0.5))^0.3745 -> #DIV/0! | R46: =IF(P17=P46,100,+AB17*100) -> 100
D47: /AA{R 4}~NQ | L47: =IF(ISERR(M47),Q47,M47) -> 5.6726288 | M47: =IF(EXACT($M$41,$M18),$P47,0) -> #VALUE! | P47: =(K18/(2.3*(C18+1.8*$N$6)))^0.667/L18 -> 5.1590389 | Q47: =((K18*$N$5)/(0.56*L18^1.67*M18^0.5))^0.3745 -> 5.6726288 | R47: =IF(P18=P47,100,+AB18*100) -> 59.399547
D48: {HOME} | G48: \E | H48: {WINDOWSOFF} | L48: =IF(ISERR(M48),Q48,M48) -> #DIV/0! | M48: =IF(EXACT($M$41,$M20),$P48,0) -> #VALUE! | P48: =(K20/(2.3*(C20+1.8*$N$6)))^0.667/L20 -> #DIV/0! | Q48: =((K20*$N$5)/(0.56*L20^1.67*M20^0.5))^0.3745 -> #DIV/0! | R48: =IF(P20=P48,100,+AB20*100) -> #DIV/0!
D49: {R 2}{D 3} | H49: /fs~r | L49: =IF(ISERR(M49),Q49,M49) -> #DIV/0! | M49: =IF(EXACT($M$41,$M21),$P49,0) -> #VALUE! | P49: =(K21/(2.3*(C21+1.8*$N$6)))^0.667/L21 -> #DIV/0! | Q49: =((K21*$N$5)/(0.56*L21^1.67*M21^0.5))^0.3745 -> #DIV/0! | R49: =IF(P21=P49,100,+AB21*100) -> #DIV/0!
D50: /WGPE | H50: /ad~q | L50: =IF(ISERR(M50),Q50,M50) -> #DIV/0! | M50: =IF(EXACT($M$41,$M22),$P50,0) -> #VALUE! | P50: =(K22/(2.3*(C22+1.8*$N$6)))^0.667/L22 -> #DIV/0! | Q50: =((K22*$N$5)/(0.56*L22^1.67*M22^0.5))^0.3745 -> #DIV/0! | R50: =IF(P22=P50,100,+AB22*100) -> #DIV/0!
H51: /qy | L51: =IF(ISERR(M51),Q51,M51) -> #DIV/0! | M51: =IF(EXACT($M$41,$M23),$P51,0) -> #VALUE! | P51: =(K23/(2.3*(C23+1.8*$N$6)))^0.667/L23 -> #DIV/0! | Q51: =((K23*$N$5)/(0.56*L23^1.67*M23^0.5))^0.3745 -> #DIV/0! | R51: =IF(P23=P51,100,+AB23*100) -> #DIV/0!
L52: =IF(ISERR(M52),Q52,M52) -> #DIV/0! | M52: =IF(EXACT($M$41,$M24),$P52,0) -> #VALUE! | P52: =(K24/(2.3*(C24+1.8*$N$6)))^0.667/L24 -> #DIV/0! | Q52: =((K24*$N$5)/(0.56*L24^1.67*M24^0.5))^0.3745 -> #DIV/0! | R52: =IF(P24=P52,100,+AB24*100) -> #DIV/0!
G53: \C | H53: /fxv{escape}{escape}{?}~ | L53: =IF(ISERR(M53),Q53,M53) -> #DIV/0! | M53: =IF(EXACT($M$41,$M25),$P53,0) -> #VALUE! | P53: =(K25/(2.3*(C25+1.8*$N$6)))^0.667/L25 -> #DIV/0! | Q53: =((K25*$N$5)/(0.56*L25^1.67*M25^0.5))^0.3745 -> #DIV/0! | R53: =IF(P25=P53,100,+AB25*100) -> #DIV/0!
H54: a4..p30~ | L54: =IF(ISERR(M54),Q54,M54) -> #DIV/0! | M54: =IF(EXACT($M$41,$M26),$P54,0) -> #VALUE! | P54: =(K26/(2.3*(C26+1.8*$N$6)))^0.667/L26 -> #DIV/0! | Q54: =((K26*$N$5)/(0.56*L26^1.67*M26^0.5))^0.3745 -> #DIV/0! | R54: =IF(P26=P54,100,+AB26*100) -> #DIV/0!
L55: =IF(ISERR(M55),Q55,M55) -> #DIV/0! | M55: =IF(EXACT($M$41,$M27),$P55,0) -> #VALUE! | P55: =(K27/(2.3*(C27+1.8*$N$6)))^0.667/L27 -> #DIV/0! | Q55: =((K27*$N$5)/(0.56*L27^1.67*M27^0.5))^0.3745 -> #DIV/0! | R55: =IF(P27=P55,100,+AB27*100) -> #DIV/0!
A56: \R | C56: {WINDOWSOFF} | L56: =IF(ISERR(M56),Q56,M56) -> #DIV/0! | M56: =IF(EXACT($M$41,$M33),$P56,0) -> #VALUE! | P56: =(K33/(2.3*(C33+1.8*$N$6)))^0.667/L33 -> #DIV/0! | Q56: =((K33*$N$5)/(0.56*L33^1.67*M33^0.5))^0.3745 -> #DIV/0! | R56: =IF(P33=P56,100,+AB33*100) -> #DIV/0!
C57: /WGPD | L57: =IF(ISERR(M57),Q57,M57) -> #DIV/0! | M57: =IF(EXACT($M$41,$M34),$P57,0) -> #VALUE! | P57: =(K34/(2.3*(C34+1.8*$N$6)))^0.667/L34 -> #DIV/0! | Q57: =((K34*$N$5)/(0.56*L34^1.67*M34^0.5))^0.3745 -> #DIV/0! | R57: =IF(P34=P57,100,+AB34*100) -> #DIV/0!
C58: {goto}a75~ | L58: =IF(ISERR(M58),Q58,M58) -> #DIV/0! | M58: =IF(EXACT($M$41,$M35),$P58,0) -> #VALUE! | P58: =(K35/(2.3*(C35+1.8*$N$6)))^0.667/L35 -> #DIV/0! | Q58: =((K35*$N$5)/(0.56*L35^1.67*M35^0.5))^0.3745 -> #DIV/0! | R58: =IF(P35=P58,100,+AB35*100) -> #DIV/0!
C59: /fcce{escape}{escape}{?}~ | L59: =IF(ISERR(M59),Q59,M59) -> #DIV/0! | M59: =IF(EXACT($M$41,$M36),$P59,0) -> #VALUE! | P59: =(K36/(2.3*(C36+1.8*$N$6)))^0.667/L36 -> #DIV/0! | Q59: =((K36*$N$5)/(0.56*L36^1.67*M36^0.5))^0.3745 -> #DIV/0! | R59: =IF(P36=P59,100,+AB36*100) -> #DIV/0!
C60: /cc75.c75~c4.c4~ | L60: =IF(ISERR(M60),Q60,M60) -> #DIV/0! | M60: =IF(EXACT($M$41,$M37),$P60,0) -> #VALUE! | P60: =(K37/(2.3*(C37+1.8*$N$6)))^0.667/L37 -> #DIV/0! | Q60: =((K37*$N$5)/(0.56*L37^1.67*M37^0.5))^0.3745 -> #DIV/0! | R60: =IF(P37=P60,100,+AB37*100) -> #DIV/0!
C61: /cc77.c77~c6.c6~ | L61: =IF(ISERR(M61),Q61,M61) -> #DIV/0! | M61: =IF(EXACT($M$41,$M38),$P61,0) -> #VALUE! | P61: =(K38/(2.3*(C38+1.8*$N$6)))^0.667/L38 -> #DIV/0! | Q61: =((K38*$N$5)/(0.56*L38^1.67*M38^0.5))^0.3745 -> #DIV/0! | R61: =IF(P38=P61,100,+AB38*100) -> #DIV/0!
C62: /ca82..d101~a11..d30~
C63: /ch82..i101~h11..i30~
C64: /ck82.l101~k11..l30~
C65: /cp82..p101~p11..p30~
C66: /cm75..m77~m4..m6~
C67: {home}{goto}c4~ | G67: \P | H67: :pg
C68: /WGPE
A83: PROJECT: | D83: MD410 | I83: 45) | K83: GUTTER DEPRESSION = | P83: 0.125 | Q83: FEET
M84: N = | P84: 0.015
A85: CONTRACT NO. : | D85: M 680-201-383 | L85: GUTTER WIDTH = | P85: 1 | Q85: FEET
A87: INLET | C87: INLET | D87: AREA | G87: BYPASS | H87: TOTAL | I87: T.O.C. | J87: I | K87: Q | L87: XSLOPE | M87: GRADE | P87: SPREAD | Q87: PICKUP | R87: BYPASS | S87: BYPASS
A88: NUMBER | C88: LENGTH | D88: (acres) | E88: C | F88: CA | G88: CA | H88: CA | I88: (MIN) | J88: (IN/HR) | K88: (CFS) | L88: (FT/FT) | M88: (FT/FT) | P88: (FT) | Q88: % | R88: CA | S88: TO
A90: I-1 | C90: 20 | D90: 1.58 | E90: 0.35 | F90: 0.553 | G90: 0 | H90: 0.553 | I90: 8.8 | J90: 4.55 | K90: 2.51615 | L90: 0.018 | M90: 0.071 | P90: 7.3723545 | Q90: 80.544402 | R90: 0.10758946 | S90: LT STA82
A91: I-2 | C91: 15 | D91: 1.74 | E91: 0.41 | F91: 0.7134 | G91: 0 | H91: 0.7134 | I91: 7.75 | J91: 4.77 | K91: 3.402918 | L91: 0.06 | M91: 0.036 | P91: 4.414922 | Q91: 91.041648 | R91: 0.063908883 | S91: I-3
A92: I-3 | C92: 20 | D92: 2.36 | E92: 0.37 | F92: 0.8732 | G92: 0.063908883 | H92: 0.93710888 | I92: 8.6 | J92: 4.6 | K92: 4.3107009 | L92: 0.04 | M92: 0.02 | P92: 6.9392531 | Q92: 95.427031 | R92: 0.042853696 | S92: I-4
A93: I-4 | C93: 20 | D93: 0.83 | E93: 0.42 | F93: 0.3486 | G93: 0.042853696 | H93: 0.3914537 | I93: 6.2 | J93: 5.06 | K93: 1.9807557 | L93: 0.014 | M93: 0.02 | P93: 9.9996409 | Q93: 94.180056 | R93: 0.022782386 | S93: I-5
A94: I-5 | C94: 20 | D94: 1.43 | E94: 0.35 | F94: 0.5005 | G94: 0.022782386 | H94: 0.52328239 | I94: 6.6 | J94: 4.93 | K94: 2.5797822 | L94: 0.017 | M94: 0.026 | P94: 9.30867 | Q94: 87.415516 | R94: 0.06585239 | S94: I-6
A95: I-6 | C95: 20 | D95: 2.55 | E95: 0.36 | F95: 0.918 | G95: 0.06585239 | H95: 0.98385239 | I95: 9.25 | J95: 4.46 | K95: 4.3879817 | L95: 0.031 | M95: 0.033 | P95: 7.4595258 | Q95: 83.000141 | R95: 0.16725351 | S95: I-7
A96: I-7 | C96: 20 | D96: 2.89 | E96: 0.41 | F96: 1.1849 | G96: 0.16725351 | H96: 1.3521535 | I96: 9.3 | J96: 4.45 | K96: 6.0170831 | L96: 0.04 | M96: 0.036 | P96: 7.0429536 | Q96: 80.409795 | R96: 0.26488964 | S96: INT. CURB
A97: I-8 | C97: 10 | D97: 0.12 | E97: 0.86 | F97: 0.1032 | G97: 0.0065070572 | H97: 0.10970706 | I97: 5 | J97: 5.38 | K97: 0.59022397 | L97: 0.02 | M97: 0.011 | P97: 5.6859903 | Q97: 100 | R97: 0 | S97: INT.
A98: I-9 | C98: 10 | D98: 0.17 | E98: 0.86 | F98: 0.1462 | G98: 0 | H98: 0.1462 | I98: 5 | J98: 5.38 | K98: 0.786556 | L98: 0.02 | M98: 0.018 | P98: 5.7738043 | Q98: 95.549208 | R98: 0.0065070572 | S98: I-8
A99: I-10 | C99: 15 | D99: 0.15 | E99: 0.86 | F99: 0.129 | G99: 0 | H99: 0.129 | I99: 5 | J99: 5.38 | K99: 0.69402 | L99: 0.02 | M99: 0.042 | P99: 4.7011214 | Q99: 100 | R99: 0 | S99: I-9
A100: I-11 | C100: 20 | D100: 1.53 | E100: 0.41 | F100: 0.6273 | G100: 0 | H100: 0.6273 | I100: 8.8 | J100: 4.55 | K100: 2.854215 | L100: 0.029 | M100: 0.045 | P100: 6.2467602 | Q100: 89.907892 | R100: 0.063307793 | S100: I-12
A101: I-12 | C101: 20 | D101: 1.44 | E101: 0.39 | F101: 0.5616 | G101: 0.063307793 | H101: 0.62490779 | I101: 8.1 | J101: 4.73 | K101: 2.9558139 | L101: 0.036 | M101: 0.046 | P101: 5.5058832 | Q101: 93.180166 | R101: 0.042617672 | S101: I-13
... A108: I-24 | C108: 15 | D108: 0.25 | E108: 0.51 | F108: 0.1275 | G108: 0 | H108: 0.1275 | I108: 5 | J108: 5.38 | K108: 0.68595 | L108: 0.015 | M108: 0.055 | P108: 5.3273135 | Q108: 100 | R108: 0 | S108: INT.

Sheet 10 Yr Pipe Capacity
A1: MARYLAND STATE HIGHWAY ADMINISTRATION
W2: SHEET | X2: 1 OF 1
A3: STORM SEWER DESIGN
A5: DESIGNED BY: | I5: CONTRACT:
A6: CHECKED BY: | I6: TITLE:
A8: Structure | C8: Contributing Area | H8: 10 Year Runoff | M8: Pipe | Y8: REMARKS
J9: tc | K9: if
C10: C | D10: A | E10: C | G10: ADJ. | J10: Time | K10: Rain | O10: n | S10: L | T10: So | U10: Vo | V10: Vf | W10: Time in | X10: Capacity | Y10: Normal | Z10: %
A11: FROM | B11: TO | C11: AREA | D11: AREA | E11: RUNOFF | F11: C*A | G11: C*A | H11: ΣA | I11: ΣCA | J11: Conc> | K11: Intens. | L11: Q | M11: Size | N11: Type | O11: MANNING | P11: Upstream Invert | Q11: Downstream Invert | R11: Top | S11: Length | T11: Slope | U11: Vel. | V11: Vel. Full | W11: Pipe | X11: Full | Y11: Depth | Z11: FULL
C12: (#) | D12: (AC.) | E12: COEF. | J12: (MIN) | K12: (IN/HR) | L12: (CFS) | M12: (IN) | O12: Coef. | S12: (FT) | T12: (%) | U12: (FT/SEC) | V12: (FT/SEC) | W12: (MIN) | X12: (CFS) | Y12: (IN) | AA12: C-C | AB12: N | AC12: S | AD12: Q | AE12: D | AF12: A (Flowmaster) | AG12: AR^.66 | AH12: Y/D0 | AI12: Y | AJ12: A/DO2 | AK12: A | AL12: V
A14: I-3 | B14: MH-3 | D14: ='Rationals-MCDOT'!L50/43560 -> 0.33150298 | E14: ='Rationals-MCDOT'!L52 -> 0.55880969 | F14: =D14*E14 -> 0.18524708 | H14: =D14 -> 0.33150298 | I14: =F14 -> 0.18524708 | J14: ='Rationals-MCDOT'!J58 -> 10 | K14: =VLOOKUP(ROUND(J14,1),MoCoIntensity!$B$3:$C$183,2,TRUE) -> 5.34 | L14: =I14*K14 -> 0.98921941 | M14: 12 | N14: RCP | O14: 0.013 | P14: 70 | Q14: 69.77 | R14: 313.12 | S14: 23.412 | T14: =(P14-Q14)/S14 -> 0.0098240219 | U14: =AL14 -> 3.8853865 | V14: =X14*576/(3.14159*M14^2) -> 4.5082979 | W14: =S14/U14/(60) -> 0.10042759 | X14: =PI()*(((M14/2)/12)^2*(1.49/O14)*(M14/48)^0.66667*(T14^0.5)) -> 3.5408059 | Y14: =AI14*12 -> 4.32 | Z14: =L14/X14 -> 0.27937691 | AB14: =O14 -> 0.013 | AC14: =T14 -> 0.0098240219 | AD14: =L14 -> 0.98921941 | AE14: =M14 -> 12 | AG14: =((AD14*AB14)/(1.49*(AC14)^0.5))/(AE14/12)^2.66666667 -> 0.087077319 | AH14: =VLOOKUP(AG14,TABLES!$A$2:$D$101,2) -> 0.36 | AI14: =AH14*AE14/12 -> 0.36 | AJ14: =VLOOKUP(AG14,TABLES!$A$2:$D$101,3) -> 0.2546 | AK14: =AJ14*(AE14/12)^2 -> 0.2546 | AL14: =AD14/AK14 -> 3.8853865
A15: MH-3 | B15: MH-2 | D15: 0 | E15: 0 | F15: 0 | H15: =H14+D15 -> 0.33150298 | I15: =I14+F15 -> 0.18524708 | J15: =J14+W14 -> 10.100428 | K15: =VLOOKUP(ROUND(J15,1),MoCoIntensity!$B$3:$C$183,2,TRUE) -> 5.372 | L15: =I15*K15 -> 0.99514731 | M15: 12 | N15: RCP | O15: 0.013 | P15: 69.67 | Q15: 69.11 | R15: 300 | S15: 56.27 | T15: =(P15-Q15)/S15 -> 0.0099520171 | U15: =AL15 -> 3.9086697 | V15: =X15*576/(3.14159*M15^2) -> 4.5375717 | W15: =S15/U15/(60) -> 0.2399367 | X15: =PI()*(((M15/2)/12)^2*(1.49/O15)*(M15/48)^0.66667*(T15^0.5)) -> 3.5637975 | Y15: =AI15*12 -> 4.32 | Z15: =L15/X15 -> 0.2792379 | AB15: =O15 -> 0.013 | AC15: =T15 -> 0.0099520171 | AD15: =L15 -> 0.99514731 | AE15: =M15 -> 12 | AG15: =((AD15*AB15)/(1.49*(AC15)^0.5))/(AE15/12)^2.66666667 -> 0.087033992 | AH15: =VLOOKUP(AG15,TABLES!$A$2:$D$101,2) -> 0.36 | AI15: =AH15*AE15/12 -> 0.36 | AJ15: =VLOOKUP(AG15,TABLES!$A$2:$D$101,3) -> 0.2546 | AK15: =AJ15*(AE15/12)^2 -> 0.2546 | AL15: =AD15/AK15 -> 3.9086697
A16: MH-2 | B16: I-2 | D16: 0 | E16: 0 | F16: 0 | H16: =H15+D16 -> 0.33150298 | I16: =I15+F16 -> 0.18524708 | J16: =J15+W15 -> 10.340364 | K16: =VLOOKUP(ROUND(J16,1),MoCoIntensity!$B$3:$C$183,2,TRUE) -> 5.436 | L16: =I16*K16 -> 1.0070031 | M16: 12 | N16: RCP | O16: 0.013 | P16: 69.01 | Q16: 68.3 | R16: 300 | S16: 71.21 | T16: =(P16-Q16)/S16 -> 0.0099705098 | U16: =AL16 -> 3.9552362 | V16: =X16*576/(3.14159*M16^2) -> 4.5417856 | W16: =S16/U16/(60) -> 0.30006636 | X16: =PI()*(((M16/2)/12)^2*(1.49/O16)*(M16/48)^0.66667*(T16^0.5)) -> 3.5671071 | Y16: =AI16*12 -> 4.32 | Z16: =L16/X16 -> 0.28230247 | AB16: =O16 -> 0.013 | AC16: =T16 -> 0.0099705098 | AD16: =L16 -> 1.0070031 | AE16: =M16 -> 12 | AG16: =((AD16*AB16)/(1.49*(AC16)^0.5))/(AE16/12)^2.66666667 -> 0.08798917 | AH16: =VLOOKUP(AG16,TABLES!$A$2:$D$101,2) -> 0.36 | AI16: =AH16*AE16/12 -> 0.36 | AJ16: =VLOOKUP(AG16,TABLES!$A$2:$D$101,3) -> 0.2546 | AK16: =AJ16*(AE16/12)^2 -> 0.2546 | AL16: =AD16/AK16 -> 3.9552362
A17: I-1 | B17: I-2 | D17: ='Rationals-MCDOT'!V20/43560 -> 0.18591767 | E17: ='Rationals-MCDOT'!V22 -> 0.76855345 | F17: =D17*E17 -> 0.14288766 | H17: =D17 -> 0.18591767 | I17: =F17 -> 0.14288766 | J17: ='Rationals-MCDOT'!B58 -> 5 | K17: =VLOOKUP(ROUND(J17,1),MoCoIntensity!$B$3:$C$183,2,TRUE) -> 6.67 | L17: =I17*K17 -> 0.95306072 | M17: 12 | N17: RCP | O17: 0.013 | P17: 68.51 | Q17: 68.3 | R17: 314.19 | S17: 21.53 | T17: =(P17-Q17)/S17 -> 0.0097538319 | U17: =AL17 -> 3.8900438 | V17: =X17*576/(3.14159*M17^2) -> 4.4921638 | W17: =S17/U17/(60) -> 0.092244035 | X17: =PI()*(((M17/2)/12)^2*(1.49/O17)*(M17/48)^0.66667*(T17^0.5)) -> 3.5281342 | Y17: =AI17*12 -> 4.2 | Z17: =L17/X17 -> 0.27013165 | AB17: =O17 -> 0.013 | AC17: =T17 -> 0.0097538319 | AD17: =L17 -> 0.95306072 | AE17: =M17 -> 12 | AG17: =((AD17*AB17)/(1.49*(AC17)^0.5))/(AE17/12)^2.66666667 -> 0.084195722 | AH17: =VLOOKUP(AG17,TABLES!$A$2:$D$101,2) -> 0.35 | AI17: =AH17*AE17/12 -> 0.35 | AJ17: =VLOOKUP(AG17,TABLES!$A$2:$D$101,3) -> 0.245 | AK17: =AJ17*(AE17/12)^2 -> 0.245 | AL17: =AD17/AK17 -> 3.8900438
A18: I-2 | B18: MH-1 | D18: ='Rationals-MCDOT'!D50/43560 -> 0.21433747 | E18: ='Rationals-MCDOT'!D52 -> 0.84040974 | F18: =E18*D18 -> 0.18013129 | H18: =D18+H17+H16 -> 0.73175812 | I18: =F18+F17+F14 -> 0.50826604 | J18: =J17+W17 -> 5.092244 | K18: =VLOOKUP(ROUND(J18,1),MoCoIntensity!$B$3:$C$183,2,TRUE) -> 6.681 | L18: =I18*K18 -> 3.3957254 | M18: 15 | N18: RCP | O18: 0.013 | P18: 68.2 | Q18: 67.4 | R18: 313.18 | S18: 80.02 | T18: =(P18-Q18)/S18 -> 0.0099975006 | U18: =AL18 -> 5.3967327 | V18: =X18*576/(3.14159*M18^2) -> 5.2774079 | W18: =S18/U18/(60) -> 0.24712483 | X18: =PI()*(((M18/2)/12)^2*(1.49/O18)*(M18/48)^0.66667*(T18^0.5)) -> 6.4763485 | Y18: =AI18*12 -> 7.65 | Z18: =L18/X18 -> 0.52432716 | AB18: =O18 -> 0.013 | AC18: =T18 -> 0.0099975006 | AD18: =L18 -> 3.3957254 | AE18: =M18 -> 15 | AG18: =((AD18*AB18)/(1.49*(AC18)^0.5))/(AE18/12)^2.66666667 -> 0.16342452 | AH18: =VLOOKUP(AG18,TABLES!$A$2:$D$101,2) -> 0.51 | AI18: =AH18*AE18/12 -> 0.6375 | AJ18: =VLOOKUP(AG18,TABLES!$A$2:$D$101,3) -> 0.4027 | AK18: =AJ18*(AE18/12)^2 -> 0.62921875 | AL18: =AD18/AK18 -> 5.3967327
A19: EX-I-2 | B19: MH-1 | D19: ='Rationals-MCDOT'!M20/43560 -> 2.0137199 | E19: ='Rationals-MCDOT'!M22 -> 0.58212057 | F19: =E19*D19 -> 1.1722278 | H19: =D19 -> 2.0137199 | I19: =F19 -> 1.1722278 | J19: ='Rationals-MCDOT'!K28 -> 10 | K19: =VLOOKUP(ROUND(J19,1),MoCoIntensity!$B$3:$C$183,2,TRUE) -> 5.34 | L19: =I19*K19 -> 6.2596964 | M19: 21 | N19: RCP | O19: 0.013 | P19: 67.46 | Q19: 67.4 | R19: 313.18 | S19: 5.92 | T19: =(P19-Q19)/S19 -> 0.010135135 | U19: =AL19 -> 6.3300789 | V19: =X19*576/(3.14159*M19^2) -> 6.6498048 | W19: =S19/U19/(60) -> 0.015586957 | X19: =PI()*(((M19/2)/12)^2*(1.49/O19)*(M19/48)^0.66667*(T19^0.5)) -> 15.994641 | Y19: =AI19*12 -> 9.03 | Z19: =L19/X19 -> 0.39136209 | AB19: =O19 -> 0.013 | AC19: =T19 -> 0.010135135 | AD19: =L19 -> 6.2596964 | AE19: =M19 -> 21 | AG19: =((AD19*AB19)/(1.49*(AC19)^0.5))/(AE19/12)^2.66666667 -> 0.12198154 | AH19: =VLOOKUP(AG19,TABLES!$A$2:$D$101,2) -> 0.43 | AI19: =AH19*AE19/12 -> 0.7525 | AJ19: =VLOOKUP(AG19,TABLES!$A$2:$D$101,3) -> 0.3229 | AK19: =AJ19*(AE19/12)^2 -> 0.98888125 | AL19: =AD19/AK19 -> 6.3300789
A20: MH-1 | B20: EX-I-1 | D20: --- | E20: --- | F20: --- | H20: =D19+D18+D17+D14 -> 2.745478 | I20: =F19+F18+F17+F16+F15+F14 -> 1.6804938 | J20: ='Rationals-MCDOT'!K88 -> 10 | K20: =VLOOKUP(ROUND(J20,1),MoCoIntensity!$B$3:$C$183,2,TRUE) -> 5.34 | L20: =I20*K20 -> 8.973837 | M20: 24 | N20: RCP | O20: 0.013 | P20: 67.3 | Q20: 67.1 | R20: 315.21 | S20: 19.61 | T20: =(P20-Q20)/S20 -> 0.010198878 | U20: =AL20 -> 6.9478453 | V20: =X20*576/(3.14159*M20^2) -> 7.2917508 | W20: =S20/U20/(60) -> 0.047040963 | X20: =PI()*(((M20/2)/12)^2*(1.49/O20)*(M20/48)^0.66667*(T20^0.5)) -> 22.907691 | Y20: =AI20*12 -> 10.32 | Z20: =L20/X20 -> 0.39173904 | AB20: =O20 -> 0.013 | AC20: =T20 -> 0.010198878 | AD20: =L20 -> 8.973837 | AE20: =M20 -> 24 | AG20: =((AD20*AB20)/(1.49*(AC20)^0.5))/(AE20/12)^2.66666667 -> 0.12209908 | AH20: =VLOOKUP(AG20,TABLES!$A$2:$D$101,2) -> 0.43 | AI20: =AH20*AE20/12 -> 0.86 | AJ20: =VLOOKUP(AG20,TABLES!$A$2:$D$101,3) -> 0.3229 | AK20: =AJ20*(AE20/12)^2 -> 1.2916 | AL20: =AD20/AK20 -> 6.9478453
A21: EX-I-1 | B21: CULVERT | D21: ='Rationals-MCDOT'!D20/43560 -> 0.054965106 | E21: ='Rationals-MCDOT'!D22 -> 0.84907513 | F21: =D21*E21 -> 0.046669504 | H21: =H20+D21 -> 2.8004431 | I21: =I20+F21 -> 1.7271633 | J21: ='Rationals-MCDOT'!B88 -> 7 | K21: =VLOOKUP(ROUND(J21,1),MoCoIntensity!$B$3:$C$183,2,TRUE) -> 6.52 | L21: =I21*K21 -> 11.261105 | M21: 24 | N21: RCP | O21: 0.013 | P21: 67 | Q21: 66.87 | R21: 312.48 | S21: 14.36 | T21: 0.01 | U21: =AL21 -> 7.3563528 | V21: =X21*576/(3.14159*M21^2) -> 7.2203062 | W21: =S21/U21/(60) -> 0.032534238 | X21: =PI()*(((M21/2)/12)^2*(1.49/O21)*(M21/48)^0.66667*(T21^0.5)) -> 22.683242 | Y21: =AI21*12 -> 11.76 | Z21: =L21/X21 -> 0.49645042 | AB21: =O21 -> 0.013 | AC21: =T21 -> 0.01 | AD21: =L21 -> 11.261105 | AE21: =M21 -> 24 | AG21: =((AD21*AB21)/(1.49*(AC21)^0.5))/(AE21/12)^2.66666667 -> 0.15473602 | AH21: =VLOOKUP(AG21,TABLES!$A$2:$D$101,2) -> 0.49 | AI21: =AH21*AE21/12 -> 0.98 | AJ21: =VLOOKUP(AG21,TABLES!$A$2:$D$101,3) -> 0.3827 | AK21: =AJ21*(AE21/12)^2 -> 1.5308 | AL21: =AD21/AK21 -> 7.3563528
AB22: =O22 -> 0 | AC22: =T22 -> 0 | AD22: =L22 -> 0 | AE22: =M22 -> 0 | AG22: =((AD22*AB22)/(1.49*(AC22)^0.5))/(AE22/12)^2.66666667 -> #DIV/0! | AH22: =VLOOKUP(AG22,TABLES!$A$2:$D$101,2) -> #DIV/0! | AI22: =AH22*AE22/12 -> #DIV/0! | AJ22: =VLOOKUP(AG22,TABLES!$A$2:$D$101,3) -> #DIV/0! | AK22: =AJ22*(AE22/12)^2 -> #DIV/0! | AL22: =AD22/AK22 -> #DIV/0!
A23: I-7 | B23: CULVERT | D23: ='Rationals-MCDOT'!V80/43560 -> 2.460362 | E23: ='Rationals-MCDOT'!V82 -> 0.57788517 | F23: =D23*E23 -> 1.4218067 | H23: =D23 -> 2.460362 | I23: =F23 -> 1.4218067 | J23: ='Rationals-MCDOT'!T88 -> 10 | K23: =VLOOKUP(ROUND(J23,1),MoCoIntensity!$B$3:$C$183,2,TRUE) -> 5.34 | L23: =I23*K23 -> 7.592448 | M23: 24 | N23: RCP | O23: 0.013 | P23: 67.1 | Q23: 66.87 | R23: 312.08 | S23: 23.2878 | T23: =(P23-Q23)/S23 -> 0.009876416 | U23: =AL23 -> 6.6929196 | V23: =X23*576/(3.14159*M23^2) -> 7.1755518 | W23: =S23/U23/(60) -> 0.057991135 | X23: =PI()*(((M23/2)/12)^2*(1.49/O23)*(M23/48)^0.66667*(T23^0.5)) -> 22.542642 | Y23: =AI23*12 -> 9.36 | Z23: =L23/X23 -> 0.33680383 | AB23: =O23 -> 0.013 | AC23: =T23 -> 0.009876416 | AD23: =L23 -> 7.592448 | AE23: =M23 -> 24 | AG23: =((AD23*AB23)/(1.49*(AC23)^0.5))/(AE23/12)^2.66666667 -> 0.10497662 | AH23: =VLOOKUP(AG23,TABLES!$A$2:$D$101,2) -> 0.39 | AI23: =AH23*AE23/12 -> 0.78 | AJ23: =VLOOKUP(AG23,TABLES!$A$2:$D$101,3) -> 0.2836 | AK23: =AJ23*(AE23/12)^2 -> 1.1344 | AL23: =AD23/AK23 -> 6.6929196
AB24: =O24 -> 0 | AC24: =T24 -> 0 | AD24: =L24 -> 0 | AE24: =M24 -> 0 | AG24: =((AD24*AB24)/(1.49*(AC24)^0.5))/(AE24/12)^2.66666667 -> #DIV/0! | AH24: =VLOOKUP(AG24,TABLES!$A$2:$D$101,2) -> #DIV/0! | AI24: =AH24*AE24/12 -> #DIV/0! | AJ24: =VLOOKUP(AG24,TABLES!$A$2:$D$101,3) -> #DIV/0! | AK24: =AJ24*(AE24/12)^2 -> #DIV/0! | AL24: =AD24/AK24 -> #DIV/0!
A25: I-6 | B25: I-5 | D25: ='Rationals-MCDOT'!M80/43560 -> 0.25763567 | E25: ='Rationals-MCDOT'!M82 -> 0.60817318 | F25: =D25*E25 -> 0.15668711 | H25: =D25 -> 0.25763567 | I25: =F25 -> 0.15668711 | J25: ='Rationals-MCDOT'!K88 -> 10 | K25: =VLOOKUP(ROUND(J25,1),MoCoIntensity!$B$3:$C$183,2,TRUE) -> 5.34 | L25: =I25*K25 -> 0.83670915 | M25: 12 | N25: RCP | O25: 0.013 | P25: 72.41 | Q25: 72.09 | R25: 313.37 | S25: 32.03 | T25: =(P25-Q25)/S25 -> 0.0099906338 | U25: =AL25 -> 3.8611405 | V25: =X25*576/(3.14159*M25^2) -> 4.5463668 | W25: =S25/U25/(60) -> 0.13825794 | X25: =PI()*(((M25/2)/12)^2*(1.49/O25)*(M25/48)^0.66667*(T25^0.5)) -> 3.5707051 | Y25: =AI25*12 -> 3.84 | Z25: =L25/X25 -> 0.23432603 | AB25: =O25 -> 0.013 | AC25: =T25 -> 0.0099906338 | AD25: =L25 -> 0.83670915 | AE25: =M25 -> 12 | AG25: =((AD25*AB25)/(1.49*(AC25)^0.5))/(AE25/12)^2.66666667 -> 0.073035681 | AH25: =VLOOKUP(AG25,TABLES!$A$2:$D$101,2) -> 0.32 | AI25: =AH25*AE25/12 -> 0.32 | AJ25: =VLOOKUP(AG25,TABLES!$A$2:$D$101,3) -> 0.2167 | AK25: =AJ25*(AE25/12)^2 -> 0.2167 | AL25: =AD25/AK25 -> 3.8611405
A26: I-5 | B26: I-4 | D26: ='Rationals-MCDOT'!D80/43560 -> 0.66559114 | E26: ='Rationals-MCDOT'!D82 -> 0.65418525 | F26: =D26*E26 -> 0.4354199 | H26: =D26+H25 -> 0.92322681 | I26: =F26+I25 -> 0.59210701 | J26: ='Rationals-MCDOT'!B88 -> 7 | K26: =VLOOKUP(ROUND(J26,1),MoCoIntensity!$B$3:$C$183,2,TRUE) -> 6.52 | L26: =I26*K26 -> 3.8605377 | M26: 18 | N26: RCP | O26: 0.013 | P26: 71.99 | Q26: 71.41 | R26: 313.37 | S26: 29.56 | T26: =(P26-Q26)/S26 -> 0.01962111 | U26: =AL26 -> 7.3481565 | V26: =X26*576/(3.14159*M26^2) -> 8.3488083 | W26: =S26/U26/(60) -> 0.067046295 | X26: =PI()*(((M26/2)/12)^2*(1.49/O26)*(M26/48)^0.66667*(T26^0.5)) -> 14.75355 | Y26: =AI26*12 -> 6.12 | Z26: =L26/X26 -> 0.2616684 | AB26: =O26 -> 0.013 | AC26: =T26 -> 0.01962111 | AD26: =L26 -> 3.8605377 | AE26: =M26 -> 18 | AG26: =((AD26*AB26)/(1.49*(AC26)^0.5))/(AE26/12)^2.66666667 -> 0.08155797 | AH26: =VLOOKUP(AG26,TABLES!$A$2:$D$101,2) -> 0.34 | AI26: =AH26*AE26/12 -> 0.51 | AJ26: =VLOOKUP(AG26,TABLES!$A$2:$D$101,3) -> 0.2335 | AK26: =AJ26*(AE26/12)^2 -> 0.525375 | AL26: =AD26/AK26 -> 7.3481565
A27: I-4 | B27: CULVERT | D27: ='Rationals-MCDOT'!U50/43560 -> 0.077119835 | E27: ='Rationals-MCDOT'!U52 -> 0.86977549 | F27: =D27*E27 -> 0.067076942 | H27: =D27+H26 -> 1.0003466 | I27: =F27+I26 -> 0.65918395 | J27: ='Rationals-MCDOT'!S58 -> 5 | K27: =VLOOKUP(ROUND(J27,1),MoCoIntensity!$B$3:$C$183,2,TRUE) -> 6.67 | L27: =I27*K27 -> 4.396757 | M27: 18 | N27: RCP | O27: 0.013 | P27: 71.3677 | Q27: 71.04 | R27: 308.27 | S27: 32.31 | T27: =(P27-Q27)/S27 -> 0.010142371 | U27: =AL27 -> 5.8717374 | V27: =X27*576/(3.14159*M27^2) -> 6.0025039 | W27: =S27/U27/(60) -> 0.091710505 | X27: =PI()*(((M27/2)/12)^2*(1.49/O27)*(M27/48)^0.66667*(T27^0.5)) -> 10.607291 | Y27: =AI27*12 -> 7.92 | Z27: =L27/X27 -> 0.41450329 | AB27: =O27 -> 0.013 | AC27: =T27 -> 0.010142371 | AD27: =L27 -> 4.396757 | AE27: =M27 -> 18 | AG27: =((AD27*AB27)/(1.49*(AC27)^0.5))/(AE27/12)^2.66666667 -> 0.12919423 | AH27: =VLOOKUP(AG27,TABLES!$A$2:$D$101,2) -> 0.44 | AI27: =AH27*AE27/12 -> 0.66 | AJ27: =VLOOKUP(AG27,TABLES!$A$2:$D$101,3) -> 0.3328 | AK27: =AJ27*(AE27/12)^2 -> 0.7488 | AL27: =AD27/AK27 -> 5.8717374
AB28: =O28 -> 0 | AC28: =T28 -> 0 | AD28: =L28 -> 0 | AE28: =M28 -> 0 | AG28: =((AD28*AB28)/(1.49*(AC28)^0.5))/(AE28/12)^2.66666667 -> #DIV/0! | AH28: =VLOOKUP(AG28,TABLES!$A$2:$D$101,2) -> #DIV/0! | AI28: =AH28*AE28/12 -> #DIV/0! | AJ28: =VLOOKUP(AG28,TABLES!$A$2:$D$101,3) -> #DIV/0! | AK28: =AJ28*(AE28/12)^2 -> #DIV/0! | AL28: =AD28/AK28 -> #DIV/0!
AB29: =O29 -> 0 | AC29: =T29 -> 0 | AD29: =L29 -> 0 | AE29: =M29 -> 0 | AG29: =((AD29*AB29)/(1.49*(AC29)^0.5))/(AE29/12)^2.66666667 -> #DIV/0! | AH29: =VLOOKUP(AG29,TABLES!$A$2:$D$101,2) -> #DIV/0! | AI29: =AH29*AE29/12 -> #DIV/0! | AJ29: =VLOOKUP(AG29,TABLES!$A$2:$D$101,3) -> #DIV/0! | AK29: =AJ29*(AE29/12)^2 -> #DIV/0! | AL29: =AD29/AK29 -> #DIV/0!
AB30: =O30 -> 0 | AC30: =T30 -> 0 | AD30: =L30 -> 0 | AE30: =M30 -> 0 | AG30: =((AD30*AB30)/(1.49*(AC30)^0.5))/(AE30/12)^2.66666667 -> #DIV/0! | AH30: =VLOOKUP(AG30,TABLES!$A$2:$D$101,2) -> #DIV/0! | AI30: =AH30*AE30/12 -> #DIV/0! | AJ30: =VLOOKUP(AG30,TABLES!$A$2:$D$101,3) -> #DIV/0! | AK30: =AJ30*(AE30/12)^2 -> #DIV/0! | AL30: =AD30/AK30 -> #DIV/0!
A31: =A14 -> I-3 | B31: =B14 -> MH-3 | M31: =M14 -> 12 | N31: MH-3 | O31: I-3 | P31: =(P14-50)*5 -> 100 | Q31: =(Q14-50)*5 -> 98.85 | AB31: =O31 -> I-3 | AC31: =N31 -> MH-3 | AD31: =L31 -> 0 | AE31: =M31 -> 12 | AG31: =((AD31*AB31)/(1.49*(AC31)^0.5))/(AE31/12)^2.66666667 -> #VALUE! | AH31: =VLOOKUP(AG31,TABLES!$A$2:$D$101,2) -> #VALUE! | AI31: =AH31*AE31/12 -> #VALUE! | AJ31: =VLOOKUP(AG31,TABLES!$A$2:$D$101,3) -> #VALUE! | AK31: =AJ31*(AE31/12)^2 -> #VALUE! | AL31: =AD31/AK31 -> #VALUE!
A32: =A15 -> MH-3 | B32: =B15 -> MH-2 | M32: =M15 -> 12 | N32: MH-2 | O32: MH-3 | P32: =(P15-50)*5 -> 98.35 | Q32: =(Q15-50)*5 -> 95.55 | AB32: =O32 -> MH-3 | AC32: =N32 -> MH-2 | AD32: =L32 -> 0 | AE32: =M32 -> 12 | AG32: =((AD32*AB32)/(1.49*(AC32)^0.5))/(AE32/12)^2.66666667 -> #VALUE! | AH32: =VLOOKUP(AG32,TABLES!$A$2:$D$101,2) -> #VALUE! | AI32: =AH32*AE32/12 -> #VALUE! | AJ32: =VLOOKUP(AG32,TABLES!$A$2:$D$101,3) -> #VALUE! | AK32: =AJ32*(AE32/12)^2 -> #VALUE! | AL32: =AD32/AK32 -> #VALUE!
A33: =A16 -> MH-2 | B33: =B16 -> I-2 | M33: =M16 -> 12 | N33: I-2 | O33: MH-2 | P33: =(P16-50)*5 -> 95.05 | Q33: =(Q16-50)*5 -> 91.5 | AB33: =O33 -> MH-2 | AC33: =N33 -> I-2 | AD33: =L33 -> 0 | AE33: =M33 -> 12 | AG33: =((AD33*AB33)/(1.49*(AC33)^0.5))/(AE33/12)^2.66666667 -> #VALUE! | AH33: =VLOOKUP(AG33,TABLES!$A$2:$D$101,2) -> #VALUE! | AI33: =AH33*AE33/12 -> #VALUE! | AJ33: =VLOOKUP(AG33,TABLES!$A$2:$D$101,3) -> #VALUE! | AK33: =AJ33*(AE33/12)^2 -> #VALUE! | AL33: =AD33/AK33 -> #VALUE!
A34: =A17 -> I-1 | B34: =B17 -> I-2 | M34: =M17 -> 12 | N34: I-2 | O34: I-1 | P34: =(P17-50)*5 -> 92.55 | Q34: =(Q17-50)*5 -> 91.5 | AB34: =O34 -> I-1 | AC34: =N34 -> I-2 | AD34: =L34 -> 0 | AE34: =M34 -> 12 | AG34: =((AD34*AB34)/(1.49*(AC34)^0.5))/(AE34/12)^2.66666667 -> #VALUE! | AH34: =VLOOKUP(AG34,TABLES!$A$2:$D$101,2) -> #VALUE! | AI34: =AH34*AE34/12 -> #VALUE! | AJ34: =VLOOKUP(AG34,TABLES!$A$2:$D$101,3) -> #VALUE! | AK34: =AJ34*(AE34/12)^2 -> #VALUE! | AL34: =AD34/AK34 -> #VALUE!
A35: =A18 -> I-2 | B35: =B18 -> MH-1 | M35: =M18 -> 15 | N35: MH-1 | O35: I-2 | P35: =(P18-50)*5 -> 91 | Q35: =(Q18-50)*5 -> 87 | AB35: =O35 -> I-2 | AC35: =N35 -> MH-1 | AD35: =L35 -> 0 | AE35: =M35 -> 15 | AG35: =((AD35*AB35)/(1.49*(AC35)^0.5))/(AE35/12)^2.66666667 -> #VALUE! | AH35: =VLOOKUP(AG35,TABLES!$A$2:$D$101,2) -> #VALUE! | AI35: =AH35*AE35/12 -> #VALUE! | AJ35: =VLOOKUP(AG35,TABLES!$A$2:$D$101,3) -> #VALUE! | AK35: =AJ35*(AE35/12)^2 -> #VALUE! | AL35: =AD35/AK35 -> #VALUE!
A36: =A19 -> EX-I-2 | B36: =B19 -> MH-1 | M36: =M19 -> 21 | N36: MH-1 | O36: EX-I-2 | P36: =(P19-50)*5 -> 87.3 | Q36: =(Q19-50)*5 -> 87 | AB36: =O36 -> EX-I-2 | AC36: =N36 -> MH-1 | AD36: =L36 -> 0 | AE36: =M36 -> 21 | AG36: =((AD36*AB36)/(1.49*(AC36)^0.5))/(AE36/12)^2.66666667 -> #VALUE! | AH36: =VLOOKUP(AG36,TABLES!$A$2:$D$101,2) -> #VALUE! | AI36: =AH36*AE36/12 -> #VALUE! | AJ36: =VLOOKUP(AG36,TABLES!$A$2:$D$101,3) -> #VALUE! | AK36: =AJ36*(AE36/12)^2 -> #VALUE! | AL36: =AD36/AK36 -> #VALUE!
A37: =A20 -> MH-1 | B37: =B20 -> EX-I-1 | M37: =M20 -> 24 | N37: EX-I-1 | O37: MH-1 | P37: =(P20-50)*5 -> 86.5 | Q37: =(Q20-50)*5 -> 85.5 | AB37: =O37 -> MH-1 | AC37: =N37 -> EX-I-1 | AD37: =L37 -> 0 | AE37: =M37 -> 24 | AG37: =((AD37*AB37)/(1.49*(AC37)^0.5))/(AE37/12)^2.66666667 -> #VALUE! | AH37: =VLOOKUP(AG37,TABLES!$A$2:$D$101,2) -> #VALUE! | AI37: =AH37*AE37/12 -> #VALUE! | AJ37: =VLOOKUP(AG37,TABLES!$A$2:$D$101,3) -> #VALUE! | AK37: =AJ37*(AE37/12)^2 -> #VALUE! | AL37: =AD37/AK37 -> #VALUE!
A38: =A21 -> EX-I-1 | B38: =B21 -> CULVERT | M38: =M21 -> 24 | N38: CULVERT | O38: EX-I-1 | P38: =(P21-50)*5 -> 85 | Q38: =(Q21-50)*5 -> 84.35 | AB38: =O38 -> EX-I-1 | AC38: =N38 -> CULVERT | AD38: =L38 -> 0 | AE38: =M38 -> 24 | AG38: =((AD38*AB38)/(1.49*(AC38)^0.5))/(AE38/12)^2.66666667 -> #VALUE! | AH38: =VLOOKUP(AG38,TABLES!$A$2:$D$101,2) -> #VALUE! | AI38: =AH38*AE38/12 -> #VALUE! | AJ38: =VLOOKUP(AG38,TABLES!$A$2:$D$101,3) -> #VALUE! | AK38: =AJ38*(AE38/12)^2 -> #VALUE! | AL38: =AD38/AK38 -> #VALUE!
AB39: =O39 -> 0 | AC39: =N39 -> 0 | AD39: =L39 -> 0 | AE39: =M39 -> 0 | AG39: =((AD39*AB39)/(1.49*(AC39)^0.5))/(AE39/12)^2.66666667 -> #DIV/0! | AH39: =VLOOKUP(AG39,TABLES!$A$2:$D$101,2) -> #DIV/0! | AI39: =AH39*AE39/12 -> #DIV/0! | AJ39: =VLOOKUP(AG39,TABLES!$A$2:$D$101,3) -> #DIV/0! | AK39: =AJ39*(AE39/12)^2 -> #DIV/0! | AL39: =AD39/AK39 -> #DIV/0!
A40: =A23 -> I-7 | B40: =B23 -> CULVERT | M40: =M23 -> 24 | N40: CULVERT | O40: I-7 | P40: =(P23-50)*5 -> 85.5 | Q40: =(Q23-50)*5 -> 84.35 | AB40: =O40 -> I-7 | AC40: =N40 -> CULVERT | AD40: =L40 -> 0 | AE40: =M40 -> 24 | AG40: =((AD40*AB40)/(1.49*(AC40)^0.5))/(AE40/12)^2.66666667 -> #VALUE! | AH40: =VLOOKUP(AG40,TABLES!$A$2:$D$101,2) -> #VALUE! | AI40: =AH40*AE40/12 -> #VALUE! | AJ40: =VLOOKUP(AG40,TABLES!$A$2:$D$101,3) -> #VALUE! | AK40: =AJ40*(AE40/12)^2 -> #VALUE! | AL40: =AD40/AK40 -> #VALUE!
AB41: =O41 -> 0 | AC41: =N41 -> 0 | AD41: =L41 -> 0 | AE41: =M41 -> 0 | AG41: =((AD41*AB41)/(1.49*(AC41)^0.5))/(AE41/12)^2.66666667 -> #DIV/0! | AH41: =VLOOKUP(AG41,TABLES!$A$2:$D$101,2) -> #DIV/0! | AI41: =AH41*AE41/12 -> #DIV/0! | AJ41: =VLOOKUP(AG41,TABLES!$A$2:$D$101,3) -> #DIV/0! | AK41: =AJ41*(AE41/12)^2 -> #DIV/0! | AL41: =AD41/AK41 -> #DIV/0!
A42: =A25 -> I-6 | B42: =B25 -> I-5 | M42: =M25 -> 12 | N42: I-5 | O42: I-6 | P42: =(P25-50)*5 -> 112.05 | Q42: =(Q25-50)*5 -> 110.45 | AB42: =O42 -> I-6 | AC42: =N42 -> I-5 | AD42: =L42 -> 0 | AE42: =M42 -> 12 | AG42: =((AD42*AB42)/(1.49*(AC42)^0.5))/(AE42/12)^2.66666667 -> #VALUE! | AH42: =VLOOKUP(AG42,TABLES!$A$2:$D$101,2) -> #VALUE! | AI42: =AH42*AE42/12 -> #VALUE! | AJ42: =VLOOKUP(AG42,TABLES!$A$2:$D$101,3) -> #VALUE! | AK42: =AJ42*(AE42/12)^2 -> #VALUE! | AL42: =AD42/AK42 -> #VALUE!
A43: =A26 -> I-5 | B43: =B26 -> I-4 | M43: =M26 -> 18 | N43: I-4 | O43: I-5 | P43: =(P26-50)*5 -> 109.95 | Q43: =(Q26-50)*5 -> 107.05 | AB43: =O43 -> I-5 | AC43: =N43 -> I-4 | AD43: =L43 -> 0 | AE43: =M43 -> 18 | AG43: =((AD43*AB43)/(1.49*(AC43)^0.5))/(AE43/12)^2.66666667 -> #VALUE! | AH43: =VLOOKUP(AG43,TABLES!$A$2:$D$101,2) -> #VALUE! | AI43: =AH43*AE43/12 -> #VALUE! | AJ43: =VLOOKUP(AG43,TABLES!$A$2:$D$101,3) -> #VALUE! | AK43: =AJ43*(AE43/12)^2 -> #VALUE! | AL43: =AD43/AK43 -> #VALUE!
A44: =A27 -> I-4 | B44: =B27 -> CULVERT | M44: =M27 -> 18 | N44: CULVERT | O44: I-4 | P44: =(P27-50)*5 -> 106.8385 | Q44: =(Q27-50)*5 -> 105.2 | AB44: =O44 -> I-4 | AC44: =N44 -> CULVERT | AD44: =L44 -> 0 | AE44: =M44 -> 18 | AG44: =((AD44*AB44)/(1.49*(AC44)^0.5))/(AE44/12)^2.66666667 -> #VALUE! | AH44: =VLOOKUP(AG44,TABLES!$A$2:$D$101,2) -> #VALUE! | AI44: =AH44*AE44/12 -> #VALUE! | AJ44: =VLOOKUP(AG44,TABLES!$A$2:$D$101,3) -> #VALUE! | AK44: =AJ44*(AE44/12)^2 -> #VALUE! | AL44: =AD44/AK44 -> #VALUE!
AB45: =O45 -> 0 | AC45: =T45 -> 0 | AD45: =L45 -> 0 | AE45: =M45 -> 0 | AG45: =((AD45*AB45)/(1.49*(AC45)^0.5))/(AE45/12)^2.66666667 -> #DIV/0! | AH45: =VLOOKUP(AG45,TABLES!$A$2:$D$101,2) -> #DIV/0! | AI45: =AH45*AE45/12 -> #DIV/0! | AJ45: =VLOOKUP(AG45,TABLES!$A$2:$D$101,3) -> #DIV/0! | AK45: =AJ45*(AE45/12)^2 -> #DIV/0! | AL45: =AD45/AK45 -> #DIV/0!
AB46: =O46 -> 0 | AC46: =T46 -> 0 | AD46: =L46 -> 0 | AE46: =M46 -> 0 | AG46: =((AD46*AB46)/(1.49*(AC46)^0.5))/(AE46/12)^2.66666667 -> #DIV/0! | AH46: =VLOOKUP(AG46,TABLES!$A$2:$D$101,2) -> #DIV/0! | AI46: =AH46*AE46/12 -> #DIV/0! | AJ46: =VLOOKUP(AG46,TABLES!$A$2:$D$101,3) -> #DIV/0! | AK46: =AJ46*(AE46/12)^2 -> #DIV/0! | AL46: =AD46/AK46 -> #DIV/0!
AB47: =O47 -> 0 | AC47: =T47 -> 0 | AD47: =L47 -> 0 | AE47: =M47 -> 0 | AG47: =((AD47*AB47)/(1.49*(AC47)^0.5))/(AE47/12)^2.66666667 -> #DIV/0! | AH47: =VLOOKUP(AG47,TABLES!$A$2:$D$101,2) -> #DIV/0! | AI47: =AH47*AE47/12 -> #DIV/0! | AJ47: =VLOOKUP(AG47,TABLES!$A$2:$D$101,3) -> #DIV/0! | AK47: =AJ47*(AE47/12)^2 -> #DIV/0! | AL47: =AD47/AK47 -> #DIV/0!
AB48: =O48 -> 0 | AC48: =T48 -> 0 | AD48: =L48 -> 0 | AE48: =M48 -> 0 | AG48: =((AD48*AB48)/(1.49*(AC48)^0.5))/(AE48/12)^2.66666667 -> #DIV/0! | AH48: =VLOOKUP(AG48,TABLES!$A$2:$D$101,2) -> #DIV/0! | AI48: =AH48*AE48/12 -> #DIV/0! | AJ48: =VLOOKUP(AG48,TABLES!$A$2:$D$101,3) -> #DIV/0! | AK48: =AJ48*(AE48/12)^2 -> #DIV/0! | AL48: =AD48/AK48 -> #DIV/0!
AB49: =O49 -> 0 | AC49: =T49 -> 0 | AD49: =L49 -> 0 | AE49: =M49 -> 0 | AG49: =((AD49*AB49)/(1.49*(AC49)^0.5))/(AE49/12)^2.66666667 -> #DIV/0! | AH49: =VLOOKUP(AG49,TABLES!$A$2:$D$101,2) -> #DIV/0! | AI49: =AH49*AE49/12 -> #DIV/0! | AJ49: =VLOOKUP(AG49,TABLES!$A$2:$D$101,3) -> #DIV/0! | AK49: =AJ49*(AE49/12)^2 -> #DIV/0! | AL49: =AD49/AK49 -> #DIV/0!
AB50: =O50 -> 0 | AC50: =T50 -> 0 | AD50: =L50 -> 0 | AE50: =M50 -> 0 | AG50: =((AD50*AB50)/(1.49*(AC50)^0.5))/(AE50/12)^2.66666667 -> #DIV/0! | AH50: =VLOOKUP(AG50,TABLES!$A$2:$D$101,2) -> #DIV/0! | AI50: =AH50*AE50/12 -> #DIV/0! | AJ50: =VLOOKUP(AG50,TABLES!$A$2:$D$101,3) -> #DIV/0! | AK50: =AJ50*(AE50/12)^2 -> #DIV/0! | AL50: =AD50/AK50 -> #DIV/0!
AB51: =O51 -> 0 | AC51: =T51 -> 0 | AD51: =L51 -> 0 | AE51: =M51 -> 0 | AG51: =((AD51*AB51)/(1.49*(AC51)^0.5))/(AE51/12)^2.66666667 -> #DIV/0! | AH51: =VLOOKUP(AG51,TABLES!$A$2:$D$101,2) -> #DIV/0! | AI51: =AH51*AE51/12 -> #DIV/0! | AJ51: =VLOOKUP(AG51,TABLES!$A$2:$D$101,3) -> #DIV/0! | AK51: =AJ51*(AE51/12)^2 -> #DIV/0! | AL51: =AD51/AK51 -> #DIV/0!
AB52: =O52 -> 0 | AC52: =T52 -> 0 | AD52: =L52 -> 0 | AE52: =M52 -> 0 | AG52: =((AD52*AB52)/(1.49*(AC52)^0.5))/(AE52/12)^2.66666667 -> #DIV/0! | AH52: =VLOOKUP(AG52,TABLES!$A$2:$D$101,2) -> #DIV/0! | AI52: =AH52*AE52/12 -> #DIV/0! | AJ52: =VLOOKUP(AG52,TABLES!$A$2:$D$101,3) -> #DIV/0! | AK52: =AJ52*(AE52/12)^2 -> #DIV/0! | AL52: =AD52/AK52 -> #DIV/0!
AB53: =O53 -> 0 | AC53: =T53 -> 0 | AD53: =L53 -> 0 | AE53: =M53 -> 0 | AG53: =((AD53*AB53)/(1.49*(AC53)^0.5))/(AE53/12)^2.66666667 -> #DIV/0! | AH53: =VLOOKUP(AG53,TABLES!$A$2:$D$101,2) -> #DIV/0! | AI53: =AH53*AE53/12 -> #DIV/0! | AJ53: =VLOOKUP(AG53,TABLES!$A$2:$D$101,3) -> #DIV/0! | AK53: =AJ53*(AE53/12)^2 -> #DIV/0! | AL53: =AD53/AK53 -> #DIV/0!
AB54: =O54 -> 0 | AC54: =T54 -> 0 | AD54: =L54 -> 0 | AE54: =M54 -> 0 | AG54: =((AD54*AB54)/(1.49*(AC54)^0.5))/(AE54/12)^2.66666667 -> #DIV/0! | AH54: =VLOOKUP(AG54,TABLES!$A$2:$D$101,2) -> #DIV/0! | AI54: =AH54*AE54/12 -> #DIV/0! | AJ54: =VLOOKUP(AG54,TABLES!$A$2:$D$101,3) -> #DIV/0! | AK54: =AJ54*(AE54/12)^2 -> #DIV/0! | AL54: =AD54/AK54 -> #DIV/0!

Sheet 25 Yr SHA Pipe Capacity
A1: MARYLAND STATE HIGHWAY ADMINISTRATION
W2: SHEET | X2: 1 OF 1
A3: STORM SEWER DESIGN
A5: DESIGNED BY: | I5: CONTRACT:
A6: CHECKED BY: | I6: TITLE:
A8: Structure | C8: Contributing Area | H8: 25 Year Runoff | M8: Pipe | Y8: REMARKS
J9: tc | K9: if
C10: C | D10: A | E10: C | G10: ADJ. | J10: Time | K10: Rain | O10: n | P10: So | T10: L | U10: Vo | V10: Vf | W10: Time in | X10: Capacity | Y10: Normal | Z10: %
A11: FROM | B11: TO | C11: AREA | D11: AREA | E11: RUNOFF | F11: C*A | G11: C*A | H11: ΣA | I11: ΣCA | J11: Conc> | K11: Intens. | L11: Q | M11: Size | N11: Type | O11: MANNING | P11: Slope | Q11: Upstream Invert | R11: Downstream Invert | S11: Top | T11: Length | U11: Vel. | V11: Vel. Full | W11: Pipe | X11: Full | Y11: Depth | Z11: FULL
C12: (#) | D12: (AC.) | E12: COEF. | J12: (MIN) | K12: (IN/HR) | L12: (CFS) | M12: (IN) | O12: Coef. | P12: (%) | T12: (FT) | U12: (FT/SEC) | V12: (FT/SEC) | W12: (MIN) | X12: (CFS) | Y12: (IN) | AA12: C-C | AB12: N | AC12: S | AD12: Q | AE12: D | AF12: A (Flowmaster) | AG12: AR^.66 | AH12: Y/D0 | AI12: Y | AJ12: A/DO2 | AK12: A | AL12: V
A14: EX-I-14 | B14: EX-MH-4 | D14: ='Rationals-MCDOT'!V110/43560 -> 0 | E14: ='Rationals-MCDOT'!V112 -> 0 | F14: =D14*E14 -> 0 | H14: =D14 -> 0 | I14: =F14 -> 0 | J14: ='Rationals-MCDOT'!T118 -> 0 | K14: =VLOOKUP(ROUND(J14,1),'SHA Intensity'!$B$3:$D$163,3,TRUE) -> #N/A | L14: =K14*F14 -> #N/A | M14: 36 | N14: EX. RCP | O14: 0.013 | P14: =(Q14-R14)/T14 -> 0.019918033 | Q14: 316.21 | R14: 313.78 | S14: 322.54 | T14: 122 | U14: =AL14 -> #N/A | V14: =X14*576/(3.14159*M14^2) -> 13.352839 | W14: =T14/U14/(60) -> #N/A | X14: =PI()*(((M14/2)/12)^2*(1.49/O14)*(M14/48)^0.66667*(P14^0.5)) -> 94.385574 | Y14: =AI14*12 -> #N/A | Z14: =L14/X14 -> #N/A | AB14: =O14 -> 0.013 | AC14: =P14 -> 0.019918033 | AD14: =L14 -> #N/A | AE14: =M14 -> 36 | AG14: =((AD14*AB14)/(1.49*(AC14)^0.5))/(AE14/12)^2.66666667 -> #N/A | AH14: =VLOOKUP(AG14,TABLES!$A$2:$D$101,2) -> #N/A | AI14: =AH14*AE14/12 -> #N/A | AJ14: =VLOOKUP(AG14,TABLES!$A$2:$D$101,3) -> #N/A | AK14: =AJ14*(AE14/12)^2 -> #N/A | AL14: =AD14/AK14 -> #N/A
A15: EX-I-13 | B15: EX-MH-4 | D15: ='Rationals-MCDOT'!M110/43560 -> 0 | E15: ='Rationals-MCDOT'!M112 -> 0 | F15: =D15*E15 -> 0 | H15: =D15 -> 0 | I15: =F15 -> 0 | J15: ='Rationals-MCDOT'!K118 -> 0 | K15: =VLOOKUP(ROUND(J15,1),'SHA Intensity'!$B$3:$D$163,3,TRUE) -> #N/A | L15: =K15*I15 -> #N/A | M15: 18 | N15: EX. RCP | O15: 0.013 | P15: =(Q15-R15)/T15 -> 0.025238095 | Q15: 316.36 | R15: 315.83 | S15: 321.74 | T15: 21 | U15: =AL15 -> #N/A | V15: =X15*576/(3.14159*M15^2) -> 9.4687139 | W15: =T15/U15/(60) -> #N/A | X15: =PI()*(((M15/2)/12)^2*(1.49/O15)*(M15/48)^0.66667*(P15^0.5)) -> 16.732585 | Y15: =AI15*12 -> #N/A | Z15: =L15/X15 -> #N/A | AB15: =O15 -> 0.013 | AC15: =P15 -> 0.025238095 | AD15: =L15 -> #N/A | AE15: =M15 -> 18 | AG15: =((AD15*AB15)/(1.49*(AC15)^0.5))/(AE15/12)^2.66666667 -> #N/A | AH15: =VLOOKUP(AG15,TABLES!$A$2:$D$101,2) -> #N/A | AI15: =AH15*AE15/12 -> #N/A | AJ15: =VLOOKUP(AG15,TABLES!$A$2:$D$101,3) -> #N/A | AK15: =AJ15*(AE15/12)^2 -> #N/A | AL15: =AD15/AK15 -> #N/A
A16: EX-I-12 | B16: EX-MH-4 | D16: ='Rationals-MCDOT'!D110/43560 -> 0 | E16: ='Rationals-MCDOT'!D112 -> 0 | F16: =D16*E16 -> 0 | H16: =D16 -> 0 | I16: =F16 -> 0 | J16: ='Rationals-MCDOT'!B118 -> 0 | K16: =VLOOKUP(ROUND(J16,1),'SHA Intensity'!$B$3:$D$163,3,TRUE) -> #N/A | L16: =K16*F16 -> #N/A | M16: 15 | N16: EX. RCP | O16: 0.013 | P16: 0.01 | Q16: 313.12 | R16: 313.1 | S16: 322.25 | T16: 2 | U16: =AL16 -> #N/A | V16: =X16*576/(3.14159*M16^2) -> 5.2780676 | W16: =T16/U16/(60) -> #N/A | X16: =PI()*(((M16/2)/12)^2*(1.49/O16)*(M16/48)^0.66667*(P16^0.5)) -> 6.4771579 | Y16: =AI16*12 -> #N/A | Z16: =L16/X16 -> #N/A | AB16: =O16 -> 0.013 | AC16: =P16 -> 0.01 | AD16: =L16 -> #N/A | AE16: =M16 -> 15 | AG16: =((AD16*AB16)/(1.49*(AC16)^0.5))/(AE16/12)^2.66666667 -> #N/A | AH16: =VLOOKUP(AG16,TABLES!$A$2:$D$101,2) -> #N/A | AI16: =AH16*AE16/12 -> #N/A | AJ16: =VLOOKUP(AG16,TABLES!$A$2:$D$101,3) -> #N/A | AK16: =AJ16*(AE16/12)^2 -> #N/A | AL16: =AD16/AK16 -> #N/A
A17: EX-MH-4 | B17: EX-MH-3 | D17: --- | E17: --- | F17: --- | H17: =H14+H15+H16 -> 0 | I17: =I14+I15+I16 -> 0 | J17: =J16+W16 -> #N/A | K17: =VLOOKUP(ROUND(J17,1),'SHA Intensity'!$B$3:$D$163,3,TRUE) -> #N/A | L17: =K17*I17 -> #N/A | M17: 45 | N17: EX. RCP | O17: 0.013 | P17: =(Q17-R17)/T17 -> 0.0265625 | Q17: 312.99 | R17: 312.14 | S17: 321.92 | T17: 32 | U17: =AL17 -> #N/A | V17: =X17*576/(3.14159*M17^2) -> 17.893358 | W17: =T17/U17/(60) -> #N/A | X17: =PI()*(((M17/2)/12)^2*(1.49/O17)*(M17/48)^0.66667*(P17^0.5)) -> 197.62592 | Y17: =AI17*12 -> #N/A | Z17: =L17/X17 -> #N/A | AB17: =O17 -> 0.013 | AC17: =P17 -> 0.0265625 | AD17: =L17 -> #N/A | AE17: =M17 -> 45 | AG17: =((AD17*AB17)/(1.49*(AC17)^0.5))/(AE17/12)^2.66666667 -> #N/A | AH17: =VLOOKUP(AG17,TABLES!$A$2:$D$101,2) -> #N/A | AI17: =AH17*AE17/12 -> #N/A | AJ17: =VLOOKUP(AG17,TABLES!$A$2:$D$101,3) -> #N/A | AK17: =AJ17*(AE17/12)^2 -> #N/A | AL17: =AD17/AK17 -> #N/A
A18: EX-I-11 | B18: EX-MH-5 | D18: ='Rationals-MCDOT'!V80/43560 -> 2.460362 | E18: ='Rationals-MCDOT'!V82 -> 0.57788517 | F18: =D18*E18 -> 1.4218067 | H18: =D18 -> 2.460362 | I18: =F18 -> 1.4218067 | J18: ='Rationals-MCDOT'!T88 -> 10 | K18: =VLOOKUP(ROUND(J18,1),'SHA Intensity'!$B$3:$D$163,3,TRUE) -> 6 | L18: =K18*F18 -> 8.5308404 | M18: 15 | N18: EX. RCP | O18: 0.013 | P18: 0.01 | Q18: 317.22 | R18: 317.2 | S18: 322.65 | T18: 2 | U18: =AL18 -> 6.9515379 | V18: =X18*576/(3.14159*M18^2) -> 5.2780676 | W18: =T18/U18/(60) -> 0.004795102 | X18: =PI()*(((M18/2)/12)^2*(1.49/O18)*(M18/48)^0.66667*(P18^0.5)) -> 6.4771579 | Y18: =AI18*12 -> 15 | Z18: =L18/X18 -> 1.3170654 | AB18: =O18 -> 0.013 | AC18: =P18 -> 0.01 | AD18: =L18 -> 8.5308404 | AE18: =M18 -> 15 | AG18: =((AD18*AB18)/(1.49*(AC18)^0.5))/(AE18/12)^2.66666667 -> 0.41050854 | AH18: =VLOOKUP(AG18,TABLES!$A$2:$D$101,2) -> 1 | AI18: =AH18*AE18/12 -> 1.25 | AJ18: =VLOOKUP(AG18,TABLES!$A$2:$D$101,3) -> 0.7854 | AK18: =AJ18*(AE18/12)^2 -> 1.2271875 | AL18: =AD18/AK18 -> 6.9515379
A19: EX-MH-5 | B19: EX-MH-3 | D19: --- | E19: --- | F19: --- | H19: =H18 -> 2.460362 | I19: =I18 -> 1.4218067 | J19: =J18+W18 -> 10.004795 | K19: =VLOOKUP(ROUND(J19,1),'SHA Intensity'!$B$3:$D$163,3,TRUE) -> 6 | L19: =K19*I19 -> 8.5308404 | M19: 18 | N19: EX. RCP | O19: 0.013 | P19: =(Q19-R19)/T19 -> 0.024615385 | Q19: 317.11 | R19: 316.47 | S19: 322.14 | T19: 26 | U19: =AL19 -> 9.6549137 | V19: =X19*576/(3.14159*M19^2) -> 9.3511715 | W19: =T19/U19/(60) -> 0.044882155 | X19: =PI()*(((M19/2)/12)^2*(1.49/O19)*(M19/48)^0.66667*(P19^0.5)) -> 16.52487 | Y19: =AI19*12 -> 9 | Z19: =L19/X19 -> 0.51624251 | AB19: =O19 -> 0.013 | AC19: =P19 -> 0.024615385 | AD19: =L19 -> 8.5308404 | AE19: =M19 -> 18 | AG19: =((AD19*AB19)/(1.49*(AC19)^0.5))/(AE19/12)^2.66666667 -> 0.16090476 | AH19: =VLOOKUP(AG19,TABLES!$A$2:$D$101,2) -> 0.5 | AI19: =AH19*AE19/12 -> 0.75 | AJ19: =VLOOKUP(AG19,TABLES!$A$2:$D$101,3) -> 0.3927 | AK19: =AJ19*(AE19/12)^2 -> 0.883575 | AL19: =AD19/AK19 -> 9.6549137
A20: EX-MH-3 | B20: EX-MH-1 | D20: --- | E20: --- | F20: --- | H20: =H19+H17 -> 2.460362 | I20: =I19+I17 -> 1.4218067 | J20: =J19+W19 -> 10.049677 | K20: =VLOOKUP(ROUND(J20,1),'SHA Intensity'!$B$3:$D$163,3,TRUE) -> 6 | L20: =K20*I20 -> 8.5308404 | M20: 42 | N20: EX. RCP | O20: 0.013 | P20: =(Q20-R20)/T20 -> 0.013982036 | Q20: 311.43 | R20: 306.76 | S20: 322.1 | T20: 334 | U20: =AL20 -> 7.2465675 | V20: =X20*576/(3.14159*M20^2) -> 12.398439 | W20: =T20/U20/(60) -> 0.76817979 | X20: =PI()*(((M20/2)/12)^2*(1.49/O20)*(M20/48)^0.66667*(P20^0.5)) -> 119.28686 | Y20: =AI20*12 -> 7.56 | Z20: =L20/X20 -> 0.071515341 | AB20: =O20 -> 0.013 | AC20: =P20 -> 0.013982036 | AD20: =L20 -> 8.5308404 | AE20: =M20 -> 42 | AG20: =((AD20*AB20)/(1.49*(AC20)^0.5))/(AE20/12)^2.66666667 -> 0.022290283 | AH20: =VLOOKUP(AG20,TABLES!$A$2:$D$101,2) -> 0.18 | AI20: =AH20*AE20/12 -> 0.63 | AJ20: =VLOOKUP(AG20,TABLES!$A$2:$D$101,3) -> 0.0961 | AK20: =AJ20*(AE20/12)^2 -> 1.177225 | AL20: =AD20/AK20 -> 7.2465675
A22: EX-I-3 | B22: EX-MH-1 | D22: ='Rationals-MCDOT'!V20/43560 -> 0.18591767 | E22: ='Rationals-MCDOT'!V22 -> 0.76855345 | F22: =D22*E22 -> 0.14288766 | H22: =D22 -> 0.18591767 | I22: =F22 -> 0.14288766 | J22: ='Rationals-MCDOT'!T28 -> 7 | K22: =VLOOKUP(ROUND(J22,1),'SHA Intensity'!$B$3:$D$163,3,TRUE) -> 6.9432 | L22: =K22*I22 -> 0.99209763 | M22: 15 | N22: EX. RCP | O22: 0.013 | P22: =(Q22-R22)/T22 -> 0.19153846 | Q22: 310.63 | R22: 308.14 | S22: 313.12 | T22: 13 | U22: =AL22 -> 11.890309 | V22: =X22*576/(3.14159*M22^2) -> 23.099519 | W22: =T22/U22/(60) -> 0.018222123 | X22: =PI()*(((M22/2)/12)^2*(1.49/O22)*(M22/48)^0.66667*(P22^0.5)) -> 28.347351 | Y22: =AI22*12 -> 1.8 | Z22: =L22/X22 -> 0.034997895 | AB22: =O22 -> 0.013 | AC22: =P22 -> 0.19153846 | AD22: =L22 -> 0.99209763 | AE22: =M22 -> 15 | AG22: =((AD22*AB22)/(1.49*(AC22)^0.5))/(AE22/12)^2.66666667 -> 0.010908293 | AH22: =VLOOKUP(AG22,TABLES!$A$2:$D$101,2) -> 0.12 | AI22: =AH22*AE22/12 -> 0.15 | AJ22: =VLOOKUP(AG22,TABLES!$A$2:$D$101,3) -> 0.0534 | AK22: =AJ22*(AE22/12)^2 -> 0.0834375 | AL22: =AD22/AK22 -> 11.890309
A24: EX-I-15 | B24: EX-I-8 | D24: ='Rationals-MCDOT'!D140/43560 -> 0 | E24: ='Rationals-MCDOT'!D142 -> 0 | F24: =D24*E24 -> 0 | H24: =D24 -> 0 | I24: =F24 -> 0 | J24: ='Rationals-MCDOT'!B148 -> 0 | K24: =VLOOKUP(ROUND(J24,1),'SHA Intensity'!$B$3:$D$163,3,TRUE) -> #N/A | L24: =K24*F24 -> #N/A | M24: 18 | N24: EX. RCP | O24: 0.013 | P24: =(Q24-R24)/T24 -> 0.057228916 | Q24: 314.24 | R24: 309.49 | S24: 314.19 | T24: 83 | U24: =AL24 -> #N/A | V24: =X24*576/(3.14159*M24^2) -> 14.258389 | W24: =T24/U24/(60) -> #N/A | X24: =PI()*(((M24/2)/12)^2*(1.49/O24)*(M24/48)^0.66667*(P24^0.5)) -> 25.196632 | Y24: =AI24*12 -> #N/A | Z24: =L24/X24 -> #N/A | AB24: =O24 -> 0.013 | AC24: =P24 -> 0.057228916 | AD24: =L24 -> #N/A | AE24: =M24 -> 18 | AG24: =((AD24*AB24)/(1.49*(AC24)^0.5))/(AE24/12)^2.66666667 -> #N/A | AH24: =VLOOKUP(AG24,TABLES!$A$2:$D$101,2) -> #N/A | AI24: =AH24*AE24/12 -> #N/A | AJ24: =VLOOKUP(AG24,TABLES!$A$2:$D$101,3) -> #N/A | AK24: =AJ24*(AE24/12)^2 -> #N/A | AL24: =AD24/AK24 -> #N/A
A25: EX-I-8 | B25: EX-MH-1 | D25: ='Rationals-MCDOT'!V50/43560 -> 0 | E25: ='Rationals-MCDOT'!V52 -> 0 | F25: =E25*D25 -> 0 | H25: =H24+D25 -> 0 | I25: =I24+F25 -> 0 | J25: =J24+W24 -> #N/A | K25: =VLOOKUP(ROUND(J25,1),'SHA Intensity'!$B$3:$D$163,3,TRUE) -> #N/A | L25: =K25*I25 -> #N/A | M25: 18 | N25: EX. RCP | O25: 0.013 | P25: =(Q25-R25)/T25 -> 0.081875 | Q25: 309.42 | R25: 306.8 | S25: 313.18 | T25: 32 | U25: =AL25 -> #N/A | V25: =X25*576/(3.14159*M25^2) -> 17.054475 | W25: =T25/U25/(60) -> #N/A | X25: =PI()*(((M25/2)/12)^2*(1.49/O25)*(M25/48)^0.66667*(P25^0.5)) -> 30.13772 | Y25: =AI25*12 -> #N/A | Z25: =L25/X25 -> #N/A | AB25: =O25 -> 0.013 | AC25: =P25 -> 0.081875 | AD25: =L25 -> #N/A | AE25: =M25 -> 18 | AG25: =((AD25*AB25)/(1.49*(AC25)^0.5))/(AE25/12)^2.66666667 -> #N/A | AH25: =VLOOKUP(AG25,TABLES!$A$2:$D$101,2) -> #N/A | AI25: =AH25*AE25/12 -> #N/A | AJ25: =VLOOKUP(AG25,TABLES!$A$2:$D$101,3) -> #N/A | AK25: =AJ25*(AE25/12)^2 -> #N/A | AL25: =AD25/AK25 -> #N/A
A27: EX-I-10 | B27: EX-MH-2 | D27: ='Rationals-MCDOT'!M80/43560 -> 0.25763567 | E27: ='Rationals-MCDOT'!M82 -> 0.60817318 | F27: =D27*E27 -> 0.15668711 | H27: =D27 -> 0.25763567 | I27: =F27 -> 0.15668711 | J27: ='Rationals-MCDOT'!K88 -> 10 | K27: =VLOOKUP(ROUND(J27,1),'SHA Intensity'!$B$3:$D$163,3,TRUE) -> 6 | L27: =K27*I27 -> 0.94012264 | M27: 15 | N27: EX. RCP | O27: 0.013 | P27: =(Q27-R27)/T27 -> 0.024485294 | Q27: 311.5 | R27: 308.17 | S27: 315.21 | T27: 136 | U27: =AL27 -> 5.3817396 | V27: =X27*576/(3.14159*M27^2) -> 8.2590027 | W27: =T27/U27/(60) -> 0.42117732 | X27: =PI()*(((M27/2)/12)^2*(1.49/O27)*(M27/48)^0.66667*(P27^0.5)) -> 10.135313 | Y27: =AI27*12 -> 3 | Z27: =L27/X27 -> 0.092757143 | AB27: =O27 -> 0.013 | AC27: =P27 -> 0.024485294 | AD27: =L27 -> 0.94012264 | AE27: =M27 -> 15 | AG27: =((AD27*AB27)/(1.49*(AC27)^0.5))/(AE27/12)^2.66666667 -> 0.028910941 | AH27: =VLOOKUP(AG27,TABLES!$A$2:$D$101,2) -> 0.2 | AI27: =AH27*AE27/12 -> 0.25 | AJ27: =VLOOKUP(AG27,TABLES!$A$2:$D$101,3) -> 0.1118 | AK27: =AJ27*(AE27/12)^2 -> 0.1746875 | AL27: =AD27/AK27 -> 5.3817396
A28: EX-I-9 | B28: EX-MH-2 | D28: ='Rationals-MCDOT'!D80/43560 -> 0.66559114 | E28: ='Rationals-MCDOT'!D82 -> 0.65418525 | F28: =D28*E28 -> 0.4354199 | H28: =D28 -> 0.66559114 | I28: =F28 -> 0.4354199 | J28: ='Rationals-MCDOT'!B88 -> 7 | K28: =VLOOKUP(ROUND(J28,1),'SHA Intensity'!$B$3:$D$163,3,TRUE) -> 6.9432 | L28: =K28*I28 -> 3.0232075 | M28: 15 | N28: EX. RCP | O28: 0.013 | P28: 0.01 | Q28: 308.17 | R28: 308.14 | S28: 312.7 | T28: 3 | U28: =AL28 -> 5.1914483 | V28: =X28*576/(3.14159*M28^2) -> 5.2780676 | W28: =T28/U28/(60) -> 0.0096312237 | X28: =PI()*(((M28/2)/12)^2*(1.49/O28)*(M28/48)^0.66667*(P28^0.5)) -> 6.4771579 | Y28: =AI28*12 -> 7.2 | Z28: =L28/X28 -> 0.46674907 | AB28: =O28 -> 0.013 | AC28: =P28 -> 0.01 | AD28: =L28 -> 3.0232075 | AE28: =M28 -> 15 | AG28: =((AD28*AB28)/(1.49*(AC28)^0.5))/(AE28/12)^2.66666667 -> 0.14547834 | AH28: =VLOOKUP(AG28,TABLES!$A$2:$D$101,2) -> 0.48 | AI28: =AH28*AE28/12 -> 0.6 | AJ28: =VLOOKUP(AG28,TABLES!$A$2:$D$101,3) -> 0.3727 | AK28: =AJ28*(AE28/12)^2 -> 0.58234375 | AL28: =AD28/AK28 -> 5.1914483
A29: EX-MH-2 | B29: EX-MH-1 | D29: --- | E29: --- | F29: --- | H29: =H27+H28 -> 0.92322681 | I29: =I27+I28 -> 0.59210701 | J29: =J28+W28 -> 7.0096312 | K29: =VLOOKUP(ROUND(J29,1),'SHA Intensity'!$B$3:$D$163,3,TRUE) -> 6.9432 | L29: =K29*I29 -> 4.1111174 | M29: 15 | N29: EX. RCP | O29: 0.013 | P29: =(Q29-R29)/T29 -> 0.0115625 | Q29: 308.04 | R29: 307.67 | S29: 312.16 | T29: 32 | U29: =AL29 -> 5.9446795 | V29: =X29*576/(3.14159*M29^2) -> 5.6754568 | W29: =T29/U29/(60) -> 0.089716079 | X29: =PI()*(((M29/2)/12)^2*(1.49/O29)*(M29/48)^0.66667*(P29^0.5)) -> 6.9648274 | Y29: =AI29*12 -> 8.25 | Z29: =L29/X29 -> 0.59026838 | AB29: =O29 -> 0.013 | AC29: =P29 -> 0.0115625 | AD29: =L29 -> 4.1111174 | AE29: =M29 -> 15 | AG29: =((AD29*AB29)/(1.49*(AC29)^0.5))/(AE29/12)^2.66666667 -> 0.18397736 | AH29: =VLOOKUP(AG29,TABLES!$A$2:$D$101,2) -> 0.55 | AI29: =AH29*AE29/12 -> 0.6875 | AJ29: =VLOOKUP(AG29,TABLES!$A$2:$D$101,3) -> 0.4426 | AK29: =AJ29*(AE29/12)^2 -> 0.6915625 | AL29: =AD29/AK29 -> 5.9446795
A31: EX-MH-1 | B31: EX-JB-1 | D31: --- | E31: --- | F31: --- | H31: =H20+H22+H25+H29 -> 3.5695065 | I31: =I20+I22+I25+I29 -> 2.1568014 | J31: =J20+W20 -> 10.817857 | K31: =VLOOKUP(ROUND(J31,1),'SHA Intensity'!$B$3:$D$163,3,TRUE) -> 5.8528 | L31: =K31*I31 -> 12.623327 | M31: 60 BY 33 | N31: EX. RCP | O31: 0.013 | P31: =(Q31-R31)/T31 -> 0.0093852459 | Q31: 303.49 | R31: 301.2 | S31: 312.08 | T31: 244 | U31: =AL31 -> 3.1558318 | V31: 10.1 | W31: =T31/U31/(60) -> 1.2886196 | X31: 109.03 | Y31: 13.1 | Z31: =L31/X31 -> 0.11577848 | AB31: =O31 -> 0.013 | AC31: =P31 -> 0.0093852459 | AD31: =L31 -> 12.623327 | AE31: =M31 -> 60 BY 33 | AF31: 4 | AG31: =((AD31*AB31)/(1.49*(AC31)^0.5))/(AE31/12)^2.66666667 -> #VALUE! | AH31: =VLOOKUP(AG31,TABLES!$A$2:$D$101,2) -> #VALUE! | AI31: =AH31*AE31/12 -> #VALUE! | AJ31: =VLOOKUP(AG31,TABLES!$A$2:$D$101,3) -> #VALUE! | AK31: 4 | AL31: =AD31/AK31 -> 3.1558318
A32: EX-I-1 | B32: EX-JB-1 | D32: ='Rationals-MCDOT'!D20/43560 -> 0.054965106 | E32: ='Rationals-MCDOT'!D22 -> 0.84907513 | F32: =E32*D32 -> 0.046669504 | H32: =D32 -> 0.054965106 | I32: =F32 -> 0.046669504 | J32: ='Rationals-MCDOT'!B28 -> 5 | K32: =VLOOKUP(ROUND(J32,1),'SHA Intensity'!$B$3:$D$163,3,TRUE) -> 7.572 | L32: =K32*I32 -> 0.35338149 | M32: 15 | N32: EX. RCP | O32: 0.013 | P32: =(Q32-R32)/T32 -> 0.12647059 | Q32: 303.85 | R32: 301.7 | S32: 308.31 | T32: 17 | U32: =AL32 -> 7.6926582 | V32: =X32*576/(3.14159*M32^2) -> 18.770235 | W32: =T32/U32/(60) -> 0.036831655 | X32: =PI()*(((M32/2)/12)^2*(1.49/O32)*(M32/48)^0.66667*(P32^0.5)) -> 23.034525 | Y32: =AI32*12 -> 1.2 | Z32: =L32/X32 -> 0.015341384 | AB32: =O32 -> 0.013 | AC32: =P32 -> 0.12647059 | AD32: =L32 -> 0.35338149 | AE32: =M32 -> 15 | AG32: =((AD32*AB32)/(1.49*(AC32)^0.5))/(AE32/12)^2.66666667 -> 0.0047816678 | AH32: =VLOOKUP(AG32,TABLES!$A$2:$D$101,2) -> 0.08 | AI32: =AH32*AE32/12 -> 0.1 | AJ32: =VLOOKUP(AG32,TABLES!$A$2:$D$101,3) -> 0.0294 | AK32: =AJ32*(AE32/12)^2 -> 0.0459375 | AL32: =AD32/AK32 -> 7.6926582
A33: EX-I-2 | B33: EX-JB-1 | D33: ='Rationals-MCDOT'!M20/43560 -> 2.0137199 | E33: ='Rationals-MCDOT'!M22 -> 0.58212057 | F33: =E33*D33 -> 1.1722278 | H33: =D33 -> 2.0137199 | I33: =F33 -> 1.1722278 | J33: ='Rationals-MCDOT'!K28 -> 10 | K33: =VLOOKUP(ROUND(J33,1),'SHA Intensity'!$B$3:$D$163,3,TRUE) -> 6 | L33: =K33*I33 -> 7.0333667 | M33: 15 | N33: EX. RCP | O33: 0.013 | P33: =(Q33-R33)/T33 -> 0.468 | Q33: 303.94 | R33: 301.6 | S33: 308.35 | T33: 5 | U33: =AL33 -> 27.734779 | V33: =X33*576/(3.14159*M33^2) -> 36.107538 | W33: =T33/U33/(60) -> 0.003004651 | X33: =PI()*(((M33/2)/12)^2*(1.49/O33)*(M33/48)^0.66667*(P33^0.5)) -> 44.310578 | Y33: =AI33*12 -> 3.9 | Z33: =L33/X33 -> 0.15872884 | AB33: =O33 -> 0.013 | AC33: =P33 -> 0.468 | AD33: =L33 -> 7.0333667 | AE33: =M33 -> 15 | AG33: =((AD33*AB33)/(1.49*(AC33)^0.5))/(AE33/12)^2.66666667 -> 0.049473281 | AH33: =VLOOKUP(AG33,TABLES!$A$2:$D$101,2) -> 0.26 | AI33: =AH33*AE33/12 -> 0.325 | AJ33: =VLOOKUP(AG33,TABLES!$A$2:$D$101,3) -> 0.1623 | AK33: =AJ33*(AE33/12)^2 -> 0.25359375 | AL33: =AD33/AK33 -> 27.734779
A34: EX-JB-1 | B34: EX-MH-14 | D34: --- | E34: --- | F34: --- | H34: =H33+H32+H31 -> 5.6381915 | I34: =I33+I32+I31 -> 3.3756987 | J34: =J32+W32 -> 5.0368317 | K34: =VLOOKUP(ROUND(J34,1),'SHA Intensity'!$B$3:$D$163,3,TRUE) -> 7.572 | L34: =K34*I34 -> 25.560791 | M34: 60 BY 33 | N34: EX. RCP | O34: 0.013 | P34: =(Q34-R34)/T34 -> 0.0093939394 | Q34: 301.2 | R34: 300.89 | S34: 312.16 | T34: 33 | U34: =AL34 -> 5.1121581 | V34: 10.1 | W34: =T34/U34/(60) -> 0.10758666 | X34: 109.03 | Y34: 15.5 | Z34: =L34/X34 -> 0.23443814 | AB34: =O34 -> 0.013 | AC34: =P34 -> 0.0093939394 | AD34: =L34 -> 25.560791 | AE34: =M34 -> 60 BY 33 | AF34: 5 | AG34: =((AD34*AB34)/(1.49*(AC34)^0.5))/(AE34/12)^2.66666667 -> #VALUE! | AH34: =VLOOKUP(AG34,TABLES!$A$2:$D$101,2) -> #VALUE! | AI34: =AH34*AE34/12 -> #VALUE! | AJ34: =VLOOKUP(AG34,TABLES!$A$2:$D$101,3) -> #VALUE! | AK34: 5 | AL34: =AD34/AK34 -> 5.1121581
A36: EX-I-17 | B36: EX-I-16 | D36: ='Rationals-MCDOT'!V140/43560 -> 0 | E36: ='Rationals-MCDOT'!V142 -> 0 | F36: =D36*E36 -> 0 | H36: =D36 -> 0 | I36: =F36 -> 0 | J36: ='Rationals-MCDOT'!T148 -> 0 | K36: =VLOOKUP(ROUND(J36,1),'SHA Intensity'!$B$3:$D$163,3,TRUE) -> #N/A | L36: =K36*I36 -> #N/A | M36: 30 | N36: EX. RCP | O36: 0.013 | P36: =(Q36-R36)/T36 -> 0.015224719 | Q36: 307.2 | R36: 304.49 | S36: 313.37 | T36: 178 | U36: =AL36 -> #N/A | V36: =X36*576/(3.14159*M36^2) -> 10.338017 | W36: =T36/U36/(60) -> #N/A | X36: =PI()*(((M36/2)/12)^2*(1.49/O36)*(M36/48)^0.66667*(P36^0.5)) -> 50.746581 | Y36: =AI36*12 -> #N/A | Z36: =L36/X36 -> #N/A | AB36: =O36 -> 0.013 | AC36: =P36 -> 0.015224719 | AD36: =L36 -> #N/A | AE36: =M36 -> 30 | AG36: =((AD36*AB36)/(1.49*(AC36)^0.5))/(AE36/12)^2.66666667 -> #N/A | AH36: =VLOOKUP(AG36,TABLES!$A$2:$D$101,2) -> #N/A | AI36: =AH36*AE36/12 -> #N/A | AJ36: =VLOOKUP(AG36,TABLES!$A$2:$D$101,3) -> #N/A | AK36: =AJ36*(AE36/12)^2 -> #N/A | AL36: =AD36/AK36 -> #N/A
A37: EX-I-16 | B37: EX-MH-14 | D37: ='Rationals-MCDOT'!M140/43560 -> 0 | E37: ='Rationals-MCDOT'!M142 -> 0 | F37: =D37*E37 -> 0 | H37: =H36+D37 -> 0 | I37: =I36+F37 -> 0 | J37: ='Rationals-MCDOT'!K148 -> 0 | K37: =VLOOKUP(ROUND(J37,1),'SHA Intensity'!$B$3:$D$163,3,TRUE) -> #N/A | L37: =K37*I37 -> #N/A | M37: 30 | N37: EX. RCP | O37: 0.013 | P37: =(Q37-R37)/T37 -> 0.062105263 | Q37: 304.41 | R37: 300.87 | S37: 308.27 | T37: 57 | U37: =AL37 -> #N/A | V37: =X37*576/(3.14159*M37^2) -> 20.879823 | W37: =T37/U37/(60) -> #N/A | X37: =PI()*(((M37/2)/12)^2*(1.49/O37)*(M37/48)^0.66667*(P37^0.5)) -> 102.49351 | Y37: =AI37*12 -> #N/A | Z37: =L37/X37 -> #N/A | AB37: =O37 -> 0.013 | AC37: =P37 -> 0.062105263 | AD37: =L37 -> #N/A | AE37: =M37 -> 30 | AG37: =((AD37*AB37)/(1.49*(AC37)^0.5))/(AE37/12)^2.66666667 -> #N/A | AH37: =VLOOKUP(AG37,TABLES!$A$2:$D$101,2) -> #N/A | AI37: =AH37*AE37/12 -> #N/A | AJ37: =VLOOKUP(AG37,TABLES!$A$2:$D$101,3) -> #N/A | AK37: =AJ37*(AE37/12)^2 -> #N/A | AL37: =AD37/AK37 -> #N/A
AB38: =O38 -> 0 | AC38: =P38 -> 0 | AD38: =L38 -> 0 | AE38: =M38 -> 0 | AG38: =((AD38*AB38)/(1.49*(AC38)^0.5))/(AE38/12)^2.66666667 -> #DIV/0! | AH38: =VLOOKUP(AG38,TABLES!$A$2:$D$101,2) -> #DIV/0! | AI38: =AH38*AE38/12 -> #DIV/0! | AJ38: =VLOOKUP(AG38,TABLES!$A$2:$D$101,3) -> #DIV/0! | AK38: =AJ38*(AE38/12)^2 -> #DIV/0! | AL38: =AD38/AK38 -> #DIV/0!
A39: EX-MH-13 | B39: EX-MH-12 | D39: ='Rationals-MCDOT'!V170/43560 -> 0 | E39: ='Rationals-MCDOT'!V172 -> 0 | F39: =D39*E39 -> 0 | H39: =D39 -> 0 | I39: =F39 -> 0 | J39: ='Rationals-MCDOT'!T178 -> 0 | K39: =VLOOKUP(ROUND(J39,1),'SHA Intensity'!$B$3:$D$163,3,TRUE) -> #N/A | L39: 8.08 | M39: 18 | N39: EX. RCP | O39: 0.013 | P39: =(Q39-R39)/T39 -> 0.010666667 | Q39: 325.21 | R39: 324.89 | S39: 337.4 | T39: 30 | U39: =AL39 -> 6.7654693 | V39: =X39*576/(3.14159*M39^2) -> 6.1556947 | W39: =T39/U39/(60) -> 0.073904703 | X39: =PI()*(((M39/2)/12)^2*(1.49/O39)*(M39/48)^0.66667*(P39^0.5)) -> 10.878001 | Y39: =AI39*12 -> 11.52 | Z39: =L39/X39 -> 0.74278352 | AB39: =O39 -> 0.013 | AC39: =P39 -> 0.010666667 | AD39: =L39 -> 8.08 | AE39: =M39 -> 18 | AG39: =((AD39*AB39)/(1.49*(AC39)^0.5))/(AE39/12)^2.66666667 -> 0.23151407 | AH39: =VLOOKUP(AG39,TABLES!$A$2:$D$101,2) -> 0.64 | AI39: =AH39*AE39/12 -> 0.96 | AJ39: =VLOOKUP(AG39,TABLES!$A$2:$D$101,3) -> 0.5308 | AK39: =AJ39*(AE39/12)^2 -> 1.1943 | AL39: =AD39/AK39 -> 6.7654693
A40: EX-MH-12 | B40: EX-MH-11 | D40: --- | E40: --- | F40: --- | H40: =H39 -> 0 | I40: =I39 -> 0 | J40: =J39+W39 -> 0.073904703 | K40: =VLOOKUP(ROUND(J40,1),'SHA Intensity'!$B$3:$D$163,3,TRUE) -> #N/A | L40: =K40*I40 -> #N/A | M40: 18 | N40: EX. RCP | O40: 0.013 | P40: =(Q40-R40)/T40 -> 0.048191882 | Q40: 321.12 | R40: 308.06 | S40: 336.69 | T40: 271 | U40: =AL40 -> #N/A | V40: =X40*576/(3.14159*M40^2) -> 13.084275 | W40: =T40/U40/(60) -> #N/A | X40: =PI()*(((M40/2)/12)^2*(1.49/O40)*(M40/48)^0.66667*(P40^0.5)) -> 23.121802 | Y40: =AI40*12 -> #N/A | Z40: =L40/X40 -> #N/A | AB40: =O40 -> 0.013 | AC40: =P40 -> 0.048191882 | AD40: =L40 -> #N/A | AE40: =M40 -> 18 | AG40: =((AD40*AB40)/(1.49*(AC40)^0.5))/(AE40/12)^2.66666667 -> #N/A | AH40: =VLOOKUP(AG40,TABLES!$A$2:$D$101,2) -> #N/A | AI40: =AH40*AE40/12 -> #N/A | AJ40: =VLOOKUP(AG40,TABLES!$A$2:$D$101,3) -> #N/A | AK40: =AJ40*(AE40/12)^2 -> #N/A | AL40: =AD40/AK40 -> #N/A
A41: EX-MH-11 | B41: EX-MH-10 | D41: --- | E41: --- | F41: --- | H41: =H40 -> 0 | I41: =I40 -> 0 | J41: =J40+W40 -> #N/A | K41: =VLOOKUP(ROUND(J41,1),'SHA Intensity'!$B$3:$D$163,3,TRUE) -> #N/A | L41: =K41*I41 -> #N/A | M41: 24 | N41: EX. RCP | O41: 0.013 | P41: =(Q41-R41)/T41 -> 0.009 | Q41: 307.54 | R41: 307.45 | S41: 317.36 | T41: 10 | U41: =AL41 -> #N/A | V41: =X41*576/(3.14159*M41^2) -> 6.8497839 | W41: =T41/U41/(60) -> #N/A | X41: =PI()*(((M41/2)/12)^2*(1.49/O41)*(M41/48)^0.66667*(P41^0.5)) -> 21.519213 | Y41: =AI41*12 -> #N/A | Z41: =L41/X41 -> #N/A | AB41: =O41 -> 0.013 | AC41: =P41 -> 0.009 | AD41: =L41 -> #N/A | AE41: =M41 -> 24 | AG41: =((AD41*AB41)/(1.49*(AC41)^0.5))/(AE41/12)^2.66666667 -> #N/A | AH41: =VLOOKUP(AG41,TABLES!$A$2:$D$101,2) -> #N/A | AI41: =AH41*AE41/12 -> #N/A | AJ41: =VLOOKUP(AG41,TABLES!$A$2:$D$101,3) -> #N/A | AK41: =AJ41*(AE41/12)^2 -> #N/A | AL41: =AD41/AK41 -> #N/A
A42: EX-MH-10 | B42: EX-MH-9 | D42: --- | E42: --- | F42: --- | H42: =H41 -> 0 | I42: =I41 -> 0 | J42: =J41+W41 -> #N/A | K42: =VLOOKUP(ROUND(J42,1),'SHA Intensity'!$B$3:$D$163,3,TRUE) -> #N/A | L42: =K42*I42 -> #N/A | M42: 24 | N42: EX. RCP | O42: 0.013 | P42: =(Q42-R42)/T42 -> 0.01 | Q42: 307.39 | R42: 307.19 | S42: 316.93 | T42: 20 | U42: =AL42 -> #N/A | V42: =X42*576/(3.14159*M42^2) -> 7.2203062 | W42: =T42/U42/(60) -> #N/A | X42: =PI()*(((M42/2)/12)^2*(1.49/O42)*(M42/48)^0.66667*(P42^0.5)) -> 22.683242 | Y42: =AI42*12 -> #N/A | Z42: =L42/X42 -> #N/A | AB42: =O42 -> 0.013 | AC42: =P42 -> 0.01 | AD42: =L42 -> #N/A | AE42: =M42 -> 24 | AG42: =((AD42*AB42)/(1.49*(AC42)^0.5))/(AE42/12)^2.66666667 -> #N/A | AH42: =VLOOKUP(AG42,TABLES!$A$2:$D$101,2) -> #N/A | AI42: =AH42*AE42/12 -> #N/A | AJ42: =VLOOKUP(AG42,TABLES!$A$2:$D$101,3) -> #N/A | AK42: =AJ42*(AE42/12)^2 -> #N/A | AL42: =AD42/AK42 -> #N/A
A43: EX-MH-9 | B43: EX-MH-8 | D43: --- | E43: --- | F43: --- | H43: =H42 -> 0 | I43: =I42 -> 0 | J43: =J42+W42 -> #N/A | K43: =VLOOKUP(ROUND(J43,1),'SHA Intensity'!$B$3:$D$163,3,TRUE) -> #N/A | L43: =K43*I43 -> #N/A | M43: 24 | N43: EX. RCP | O43: 0.013 | P43: =(Q43-R43)/T43 -> 0.012702703 | Q43: 306.86 | R43: 306.39 | S43: 316.92 | T43: 37 | U43: =AL43 -> #N/A | V43: =X43*576/(3.14159*M43^2) -> 8.1377376 | W43: =T43/U43/(60) -> #N/A | X43: =PI()*(((M43/2)/12)^2*(1.49/O43)*(M43/48)^0.66667*(P43^0.5)) -> 25.565435 | Y43: =AI43*12 -> #N/A | Z43: =L43/X43 -> #N/A | AB43: =O43 -> 0.013 | AC43: =P43 -> 0.012702703 | AD43: =L43 -> #N/A | AE43: =M43 -> 24 | AG43: =((AD43*AB43)/(1.49*(AC43)^0.5))/(AE43/12)^2.66666667 -> #N/A | AH43: =VLOOKUP(AG43,TABLES!$A$2:$D$101,2) -> #N/A | AI43: =AH43*AE43/12 -> #N/A | AJ43: =VLOOKUP(AG43,TABLES!$A$2:$D$101,3) -> #N/A | AK43: =AJ43*(AE43/12)^2 -> #N/A | AL43: =AD43/AK43 -> #N/A
A44: EX-MH-8 | B44: EX-MH-7 | D44: --- | E44: --- | F44: --- | H44: =H43 -> 0 | I44: =I43 -> 0 | J44: =J43+W43 -> #N/A | K44: =VLOOKUP(ROUND(J44,1),'SHA Intensity'!$B$3:$D$163,3,TRUE) -> #N/A | L44: =K44*I44 -> #N/A | M44: 24 | N44: EX. RCP | O44: 0.013 | P44: =(Q44-R44)/T44 -> 0.028730159 | Q44: 306.32 | R44: 304.51 | S44: 316.82 | T44: 63 | U44: =AL44 -> #N/A | V44: =X44*576/(3.14159*M44^2) -> 12.2384 | W44: =T44/U44/(60) -> #N/A | X44: =PI()*(((M44/2)/12)^2*(1.49/O44)*(M44/48)^0.66667*(P44^0.5)) -> 38.448034 | Y44: =AI44*12 -> #N/A | Z44: =L44/X44 -> #N/A | AB44: =O44 -> 0.013 | AC44: =P44 -> 0.028730159 | AD44: =L44 -> #N/A | AE44: =M44 -> 24 | AG44: =((AD44*AB44)/(1.49*(AC44)^0.5))/(AE44/12)^2.66666667 -> #N/A | AH44: =VLOOKUP(AG44,TABLES!$A$2:$D$101,2) -> #N/A | AI44: =AH44*AE44/12 -> #N/A | AJ44: =VLOOKUP(AG44,TABLES!$A$2:$D$101,3) -> #N/A | AK44: =AJ44*(AE44/12)^2 -> #N/A | AL44: =AD44/AK44 -> #N/A
A45: EX-MH-7 | B45: EX-MH-6 | D45: --- | E45: --- | F45: --- | H45: =H44 -> 0 | I45: =I44 -> 0 | J45: =J44+W44 -> #N/A | K45: =VLOOKUP(ROUND(J45,1),'SHA Intensity'!$B$3:$D$163,3,TRUE) -> #N/A | L45: =K45*I45 -> #N/A | M45: 24 | N45: EX. RCP | O45: 0.013 | P45: =(Q45-R45)/T45 -> 0.010614035 | Q45: 304.29 | R45: 303.08 | S45: 314.64 | T45: 114 | U45: =AL45 -> #N/A | V45: =X45*576/(3.14159*M45^2) -> 7.43868 | W45: =T45/U45/(60) -> #N/A | X45: =PI()*(((M45/2)/12)^2*(1.49/O45)*(M45/48)^0.66667*(P45^0.5)) -> 23.369283 | Y45: =AI45*12 -> #N/A | Z45: =L45/X45 -> #N/A | AB45: =O45 -> 0.013 | AC45: =P45 -> 0.010614035 | AD45: =L45 -> #N/A | AE45: =M45 -> 24 | AG45: =((AD45*AB45)/(1.49*(AC45)^0.5))/(AE45/12)^2.66666667 -> #N/A | AH45: =VLOOKUP(AG45,TABLES!$A$2:$D$101,2) -> #N/A | AI45: =AH45*AE45/12 -> #N/A | AJ45: =VLOOKUP(AG45,TABLES!$A$2:$D$101,3) -> #N/A | AK45: =AJ45*(AE45/12)^2 -> #N/A | AL45: =AD45/AK45 -> #N/A
A46: EX-MH-6 | B46: EX-MH-14 | D46: --- | E46: --- | F46: --- | H46: =H45 -> 0 | I46: =I45 -> 0 | J46: =J45+W45 -> #N/A | K46: =VLOOKUP(ROUND(J46,1),'SHA Intensity'!$B$3:$D$163,3,TRUE) -> #N/A | L46: =K46*I46 -> #N/A | M46: 24 | N46: EX. RCP | O46: 0.013 | P46: =(Q46-R46)/T46 -> 0.024482759 | Q46: 302.9 | R46: 302.19 | S46: 309.42 | T46: 29 | U46: =AL46 -> #N/A | V46: =X46*576/(3.14159*M46^2) -> 11.29759 | W46: =T46/U46/(60) -> #N/A | X46: =PI()*(((M46/2)/12)^2*(1.49/O46)*(M46/48)^0.66667*(P46^0.5)) -> 35.492394 | Y46: =AI46*12 -> #N/A | Z46: =L46/X46 -> #N/A | AB46: =O46 -> 0.013 | AC46: =P46 -> 0.024482759 | AD46: =L46 -> #N/A | AE46: =M46 -> 24 | AG46: =((AD46*AB46)/(1.49*(AC46)^0.5))/(AE46/12)^2.66666667 -> #N/A | AH46: =VLOOKUP(AG46,TABLES!$A$2:$D$101,2) -> #N/A | AI46: =AH46*AE46/12 -> #N/A | AJ46: =VLOOKUP(AG46,TABLES!$A$2:$D$101,3) -> #N/A | AK46: =AJ46*(AE46/12)^2 -> #N/A | AL46: =AD46/AK46 -> #N/A
A48: EX-MH-14 | B48: EX-MH-15 | D48: --- | E48: --- | F48: --- | H48: =H34+H37+H46 -> 5.6381915 | I48: =I46+I37+I34 -> 3.3756987 | J48: =J34+W34 -> 5.1444183 | K48: =VLOOKUP(ROUND(J48,1),'SHA Intensity'!$B$3:$D$163,3,TRUE) -> 7.54056 | L48: =K48*I48 -> 25.454659 | M48: 60 | N48: EX. RCP | O48: 0.013 | P48: =(Q48-R48)/T48 -> 0.017510549 | Q48: 299.55 | R48: 295.4 | S48: 308.6 | T48: 237 | U48: =AL48 -> 10.595071 | V48: =X48*576/(3.14159*M48^2) -> 17.599493 | W48: =T48/U48/(60) -> 0.37281486 | X48: =PI()*(((M48/2)/12)^2*(1.49/O48)*(M48/48)^0.66667*(P48^0.5)) -> 345.56494 | Y48: =AI48*12 -> 10.8 | Z48: =L48/X48 -> 0.073660998 | AB48: =O48 -> 0.013 | AC48: =P48 -> 0.017510549 | AD48: =L48 -> 25.454659 | AE48: =M48 -> 60 | AG48: =((AD48*AB48)/(1.49*(AC48)^0.5))/(AE48/12)^2.66666667 -> 0.022959079 | AH48: =VLOOKUP(AG48,TABLES!$A$2:$D$101,2) -> 0.18 | AI48: =AH48*AE48/12 -> 0.9 | AJ48: =VLOOKUP(AG48,TABLES!$A$2:$D$101,3) -> 0.0961 | AK48: =AJ48*(AE48/12)^2 -> 2.4025 | AL48: =AD48/AK48 -> 10.595071
